# x_nm  y_nm  z_nm  mx  my  mz
66.500000 73.500000 52.500000 -1.000000
66.500000 73.500000 53.500000 -1.000000
66.500000 73.500000 54.500000 -1.000000
66.500000 73.500000 55.500000 -1.000000
66.500000 73.500000 56.500000 -1.000000
66.500000 73.500000 57.500000 -1.000000
66.500000 73.500000 58.500000 -1.000000
66.500000 73.500000 59.500000 -1.000000
66.500000 73.500000 68.500000 1.000000
66.500000 73.500000 69.500000 1.000000
66.500000 73.500000 70.500000 1.000000
66.500000 73.500000 71.500000 1.000000
66.500000 73.500000 72.500000 1.000000
66.500000 73.500000 73.500000 1.000000
66.500000 73.500000 74.500000 1.000000
66.500000 73.500000 75.500000 1.000000
66.500000 74.500000 52.500000 -1.000000
66.500000 74.500000 53.500000 -1.000000
66.500000 74.500000 54.500000 -1.000000
66.500000 74.500000 55.500000 -1.000000
66.500000 74.500000 56.500000 -1.000000
66.500000 74.500000 57.500000 -1.000000
66.500000 74.500000 58.500000 -1.000000
66.500000 74.500000 59.500000 -1.000000
66.500000 74.500000 68.500000 1.000000
66.500000 74.500000 69.500000 1.000000
66.500000 74.500000 70.500000 1.000000
66.500000 74.500000 71.500000 1.000000
66.500000 74.500000 72.500000 1.000000
66.500000 74.500000 73.500000 1.000000
66.500000 74.500000 74.500000 1.000000
66.500000 74.500000 75.500000 1.000000
66.500000 75.500000 52.500000 -1.000000
66.500000 75.500000 53.500000 -1.000000
66.500000 75.500000 54.500000 -1.000000
66.500000 75.500000 55.500000 -1.000000
66.500000 75.500000 56.500000 -1.000000
66.500000 75.500000 57.500000 -1.000000
66.500000 75.500000 58.500000 -1.000000
66.500000 75.500000 59.500000 -1.000000
66.500000 75.500000 68.500000 1.000000
66.500000 75.500000 69.500000 1.000000
66.500000 75.500000 70.500000 1.000000
66.500000 75.500000 71.500000 1.000000
66.500000 75.500000 72.500000 1.000000
66.500000 75.500000 73.500000 1.000000
66.500000 75.500000 74.500000 1.000000
66.500000 75.500000 75.500000 1.000000
66.500000 76.500000 52.500000 -1.000000
66.500000 76.500000 53.500000 -1.000000
66.500000 76.500000 54.500000 -1.000000
66.500000 76.500000 55.500000 -1.000000
66.500000 76.500000 56.500000 -1.000000
66.500000 76.500000 57.500000 -1.000000
66.500000 76.500000 58.500000 -1.000000
66.500000 76.500000 59.500000 -1.000000
66.500000 76.500000 68.500000 1.000000
66.500000 76.500000 69.500000 1.000000
66.500000 76.500000 70.500000 1.000000
66.500000 76.500000 71.500000 1.000000
66.500000 76.500000 72.500000 1.000000
66.500000 76.500000 73.500000 1.000000
66.500000 76.500000 74.500000 1.000000
66.500000 76.500000 75.500000 1.000000
66.500000 77.500000 52.500000 -1.000000
66.500000 77.500000 53.500000 -1.000000
66.500000 77.500000 54.500000 -1.000000
66.500000 77.500000 55.500000 -1.000000
66.500000 77.500000 56.500000 -1.000000
66.500000 77.500000 57.500000 -1.000000
66.500000 77.500000 58.500000 -1.000000
66.500000 77.500000 59.500000 -1.000000
66.500000 77.500000 68.500000 1.000000
66.500000 77.500000 69.500000 1.000000
66.500000 77.500000 70.500000 1.000000
66.500000 77.500000 71.500000 1.000000
66.500000 77.500000 72.500000 1.000000
66.500000 77.500000 73.500000 1.000000
66.500000 77.500000 74.500000 1.000000
66.500000 77.500000 75.500000 1.000000
66.500000 78.500000 52.500000 -1.000000
66.500000 78.500000 53.500000 -1.000000
66.500000 78.500000 54.500000 -1.000000
66.500000 78.500000 55.500000 -1.000000
66.500000 78.500000 56.500000 -1.000000
66.500000 78.500000 57.500000 -1.000000
66.500000 78.500000 58.500000 -1.000000
66.500000 78.500000 59.500000 -1.000000
66.500000 78.500000 68.500000 1.000000
66.500000 78.500000 69.500000 1.000000
66.500000 78.500000 70.500000 1.000000
66.500000 78.500000 71.500000 1.000000
66.500000 78.500000 72.500000 1.000000
66.500000 78.500000 73.500000 1.000000
66.500000 78.500000 74.500000 1.000000
66.500000 78.500000 75.500000 1.000000
66.500000 79.500000 52.500000 -1.000000
66.500000 79.500000 53.500000 -1.000000
66.500000 79.500000 54.500000 -1.000000
66.500000 79.500000 55.500000 -1.000000
66.500000 79.500000 56.500000 -1.000000
66.500000 79.500000 57.500000 -1.000000
66.500000 79.500000 58.500000 -1.000000
66.500000 79.500000 59.500000 -1.000000
66.500000 79.500000 68.500000 1.000000
66.500000 79.500000 69.500000 1.000000
66.500000 79.500000 70.500000 1.000000
66.500000 79.500000 71.500000 1.000000
66.500000 79.500000 72.500000 1.000000
66.500000 79.500000 73.500000 1.000000
66.500000 79.500000 74.500000 1.000000
66.500000 79.500000 75.500000 1.000000
66.500000 80.500000 52.500000 -1.000000
66.500000 80.500000 53.500000 -1.000000
66.500000 80.500000 54.500000 -1.000000
66.500000 80.500000 55.500000 -1.000000
66.500000 80.500000 56.500000 -1.000000
66.500000 80.500000 57.500000 -1.000000
66.500000 80.500000 58.500000 -1.000000
66.500000 80.500000 59.500000 -1.000000
66.500000 80.500000 68.500000 1.000000
66.500000 80.500000 69.500000 1.000000
66.500000 80.500000 70.500000 1.000000
66.500000 80.500000 71.500000 1.000000
66.500000 80.500000 72.500000 1.000000
66.500000 80.500000 73.500000 1.000000
66.500000 80.500000 74.500000 1.000000
66.500000 80.500000 75.500000 1.000000
66.500000 81.500000 52.500000 -1.000000
66.500000 81.500000 53.500000 -1.000000
66.500000 81.500000 54.500000 -1.000000
66.500000 81.500000 55.500000 -1.000000
66.500000 81.500000 56.500000 -1.000000
66.500000 81.500000 57.500000 -1.000000
66.500000 81.500000 58.500000 -1.000000
66.500000 81.500000 59.500000 -1.000000
66.500000 81.500000 68.500000 1.000000
66.500000 81.500000 69.500000 1.000000
66.500000 81.500000 70.500000 1.000000
66.500000 81.500000 71.500000 1.000000
66.500000 81.500000 72.500000 1.000000
66.500000 81.500000 73.500000 1.000000
66.500000 81.500000 74.500000 1.000000
66.500000 81.500000 75.500000 1.000000
66.500000 82.500000 52.500000 -1.000000
66.500000 82.500000 53.500000 -1.000000
66.500000 82.500000 54.500000 -1.000000
66.500000 82.500000 55.500000 -1.000000
66.500000 82.500000 56.500000 -1.000000
66.500000 82.500000 57.500000 -1.000000
66.500000 82.500000 58.500000 -1.000000
66.500000 82.500000 59.500000 -1.000000
66.500000 82.500000 68.500000 1.000000
66.500000 82.500000 69.500000 1.000000
66.500000 82.500000 70.500000 1.000000
66.500000 82.500000 71.500000 1.000000
66.500000 82.500000 72.500000 1.000000
66.500000 82.500000 73.500000 1.000000
66.500000 82.500000 74.500000 1.000000
66.500000 82.500000 75.500000 1.000000
66.500000 83.500000 52.500000 -1.000000
66.500000 83.500000 53.500000 -1.000000
66.500000 83.500000 54.500000 -1.000000
66.500000 83.500000 55.500000 -1.000000
66.500000 83.500000 56.500000 -1.000000
66.500000 83.500000 57.500000 -1.000000
66.500000 83.500000 58.500000 -1.000000
66.500000 83.500000 59.500000 -1.000000
66.500000 83.500000 68.500000 1.000000
66.500000 83.500000 69.500000 1.000000
66.500000 83.500000 70.500000 1.000000
66.500000 83.500000 71.500000 1.000000
66.500000 83.500000 72.500000 1.000000
66.500000 83.500000 73.500000 1.000000
66.500000 83.500000 74.500000 1.000000
66.500000 83.500000 75.500000 1.000000
67.500000 73.500000 52.500000 -1.000000
67.500000 73.500000 53.500000 -1.000000
67.500000 73.500000 54.500000 -1.000000
67.500000 73.500000 55.500000 -1.000000
67.500000 73.500000 56.500000 -1.000000
67.500000 73.500000 57.500000 -1.000000
67.500000 73.500000 58.500000 -1.000000
67.500000 73.500000 59.500000 -1.000000
67.500000 73.500000 68.500000 1.000000
67.500000 73.500000 69.500000 1.000000
67.500000 73.500000 70.500000 1.000000
67.500000 73.500000 71.500000 1.000000
67.500000 73.500000 72.500000 1.000000
67.500000 73.500000 73.500000 1.000000
67.500000 73.500000 74.500000 1.000000
67.500000 73.500000 75.500000 1.000000
67.500000 74.500000 52.500000 -1.000000
67.500000 74.500000 53.500000 -1.000000
67.500000 74.500000 54.500000 -1.000000
67.500000 74.500000 55.500000 -1.000000
67.500000 74.500000 56.500000 -1.000000
67.500000 74.500000 57.500000 -1.000000
67.500000 74.500000 58.500000 -1.000000
67.500000 74.500000 59.500000 -1.000000
67.500000 74.500000 68.500000 1.000000
67.500000 74.500000 69.500000 1.000000
67.500000 74.500000 70.500000 1.000000
67.500000 74.500000 71.500000 1.000000
67.500000 74.500000 72.500000 1.000000
67.500000 74.500000 73.500000 1.000000
67.500000 74.500000 74.500000 1.000000
67.500000 74.500000 75.500000 1.000000
67.500000 75.500000 52.500000 -1.000000
67.500000 75.500000 53.500000 -1.000000
67.500000 75.500000 54.500000 -1.000000
67.500000 75.500000 55.500000 -1.000000
67.500000 75.500000 56.500000 -1.000000
67.500000 75.500000 57.500000 -1.000000
67.500000 75.500000 58.500000 -1.000000
67.500000 75.500000 59.500000 -1.000000
67.500000 75.500000 68.500000 1.000000
67.500000 75.500000 69.500000 1.000000
67.500000 75.500000 70.500000 1.000000
67.500000 75.500000 71.500000 1.000000
67.500000 75.500000 72.500000 1.000000
67.500000 75.500000 73.500000 1.000000
67.500000 75.500000 74.500000 1.000000
67.500000 75.500000 75.500000 1.000000
67.500000 76.500000 52.500000 -1.000000
67.500000 76.500000 53.500000 -1.000000
67.500000 76.500000 54.500000 -1.000000
67.500000 76.500000 55.500000 -1.000000
67.500000 76.500000 56.500000 -1.000000
67.500000 76.500000 57.500000 -1.000000
67.500000 76.500000 58.500000 -1.000000
67.500000 76.500000 59.500000 -1.000000
67.500000 76.500000 68.500000 1.000000
67.500000 76.500000 69.500000 1.000000
67.500000 76.500000 70.500000 1.000000
67.500000 76.500000 71.500000 1.000000
67.500000 76.500000 72.500000 1.000000
67.500000 76.500000 73.500000 1.000000
67.500000 76.500000 74.500000 1.000000
67.500000 76.500000 75.500000 1.000000
67.500000 77.500000 52.500000 -1.000000
67.500000 77.500000 53.500000 -1.000000
67.500000 77.500000 54.500000 -1.000000
67.500000 77.500000 55.500000 -1.000000
67.500000 77.500000 56.500000 -1.000000
67.500000 77.500000 57.500000 -1.000000
67.500000 77.500000 58.500000 -1.000000
67.500000 77.500000 59.500000 -1.000000
67.500000 77.500000 68.500000 1.000000
67.500000 77.500000 69.500000 1.000000
67.500000 77.500000 70.500000 1.000000
67.500000 77.500000 71.500000 1.000000
67.500000 77.500000 72.500000 1.000000
67.500000 77.500000 73.500000 1.000000
67.500000 77.500000 74.500000 1.000000
67.500000 77.500000 75.500000 1.000000
67.500000 78.500000 52.500000 -1.000000
67.500000 78.500000 53.500000 -1.000000
67.500000 78.500000 54.500000 -1.000000
67.500000 78.500000 55.500000 -1.000000
67.500000 78.500000 56.500000 -1.000000
67.500000 78.500000 57.500000 -1.000000
67.500000 78.500000 58.500000 -1.000000
67.500000 78.500000 59.500000 -1.000000
67.500000 78.500000 68.500000 1.000000
67.500000 78.500000 69.500000 1.000000
67.500000 78.500000 70.500000 1.000000
67.500000 78.500000 71.500000 1.000000
67.500000 78.500000 72.500000 1.000000
67.500000 78.500000 73.500000 1.000000
67.500000 78.500000 74.500000 1.000000
67.500000 78.500000 75.500000 1.000000
67.500000 79.500000 52.500000 -1.000000
67.500000 79.500000 53.500000 -1.000000
67.500000 79.500000 54.500000 -1.000000
67.500000 79.500000 55.500000 -1.000000
67.500000 79.500000 56.500000 -1.000000
67.500000 79.500000 57.500000 -1.000000
67.500000 79.500000 58.500000 -1.000000
67.500000 79.500000 59.500000 -1.000000
67.500000 79.500000 68.500000 1.000000
67.500000 79.500000 69.500000 1.000000
67.500000 79.500000 70.500000 1.000000
67.500000 79.500000 71.500000 1.000000
67.500000 79.500000 72.500000 1.000000
67.500000 79.500000 73.500000 1.000000
67.500000 79.500000 74.500000 1.000000
67.500000 79.500000 75.500000 1.000000
67.500000 80.500000 52.500000 -1.000000
67.500000 80.500000 53.500000 -1.000000
67.500000 80.500000 54.500000 -1.000000
67.500000 80.500000 55.500000 -1.000000
67.500000 80.500000 56.500000 -1.000000
67.500000 80.500000 57.500000 -1.000000
67.500000 80.500000 58.500000 -1.000000
67.500000 80.500000 59.500000 -1.000000
67.500000 80.500000 68.500000 1.000000
67.500000 80.500000 69.500000 1.000000
67.500000 80.500000 70.500000 1.000000
67.500000 80.500000 71.500000 1.000000
67.500000 80.500000 72.500000 1.000000
67.500000 80.500000 73.500000 1.000000
67.500000 80.500000 74.500000 1.000000
67.500000 80.500000 75.500000 1.000000
67.500000 81.500000 52.500000 -1.000000
67.500000 81.500000 53.500000 -1.000000
67.500000 81.500000 54.500000 -1.000000
67.500000 81.500000 55.500000 -1.000000
67.500000 81.500000 56.500000 -1.000000
67.500000 81.500000 57.500000 -1.000000
67.500000 81.500000 58.500000 -1.000000
67.500000 81.500000 59.500000 -1.000000
67.500000 81.500000 68.500000 1.000000
67.500000 81.500000 69.500000 1.000000
67.500000 81.500000 70.500000 1.000000
67.500000 81.500000 71.500000 1.000000
67.500000 81.500000 72.500000 1.000000
67.500000 81.500000 73.500000 1.000000
67.500000 81.500000 74.500000 1.000000
67.500000 81.500000 75.500000 1.000000
67.500000 82.500000 52.500000 -1.000000
67.500000 82.500000 53.500000 -1.000000
67.500000 82.500000 54.500000 -1.000000
67.500000 82.500000 55.500000 -1.000000
67.500000 82.500000 56.500000 -1.000000
67.500000 82.500000 57.500000 -1.000000
67.500000 82.500000 58.500000 -1.000000
67.500000 82.500000 59.500000 -1.000000
67.500000 82.500000 68.500000 1.000000
67.500000 82.500000 69.500000 1.000000
67.500000 82.500000 70.500000 1.000000
67.500000 82.500000 71.500000 1.000000
67.500000 82.500000 72.500000 1.000000
67.500000 82.500000 73.500000 1.000000
67.500000 82.500000 74.500000 1.000000
67.500000 82.500000 75.500000 1.000000
67.500000 83.500000 52.500000 -1.000000
67.500000 83.500000 53.500000 -1.000000
67.500000 83.500000 54.500000 -1.000000
67.500000 83.500000 55.500000 -1.000000
67.500000 83.500000 56.500000 -1.000000
67.500000 83.500000 57.500000 -1.000000
67.500000 83.500000 58.500000 -1.000000
67.500000 83.500000 59.500000 -1.000000
67.500000 83.500000 68.500000 1.000000
67.500000 83.500000 69.500000 1.000000
67.500000 83.500000 70.500000 1.000000
67.500000 83.500000 71.500000 1.000000
67.500000 83.500000 72.500000 1.000000
67.500000 83.500000 73.500000 1.000000
67.500000 83.500000 74.500000 1.000000
67.500000 83.500000 75.500000 1.000000
68.500000 72.500000 52.500000 -1.000000
68.500000 72.500000 53.500000 -1.000000
68.500000 72.500000 54.500000 -1.000000
68.500000 72.500000 55.500000 -1.000000
68.500000 72.500000 56.500000 -1.000000
68.500000 72.500000 57.500000 -1.000000
68.500000 72.500000 58.500000 -1.000000
68.500000 72.500000 59.500000 -1.000000
68.500000 72.500000 68.500000 1.000000
68.500000 72.500000 69.500000 1.000000
68.500000 72.500000 70.500000 1.000000
68.500000 72.500000 71.500000 1.000000
68.500000 72.500000 72.500000 1.000000
68.500000 72.500000 73.500000 1.000000
68.500000 72.500000 74.500000 1.000000
68.500000 72.500000 75.500000 1.000000
68.500000 73.500000 52.500000 -1.000000
68.500000 73.500000 53.500000 -1.000000
68.500000 73.500000 54.500000 -1.000000
68.500000 73.500000 55.500000 -1.000000
68.500000 73.500000 56.500000 -1.000000
68.500000 73.500000 57.500000 -1.000000
68.500000 73.500000 58.500000 -1.000000
68.500000 73.500000 59.500000 -1.000000
68.500000 73.500000 68.500000 1.000000
68.500000 73.500000 69.500000 1.000000
68.500000 73.500000 70.500000 1.000000
68.500000 73.500000 71.500000 1.000000
68.500000 73.500000 72.500000 1.000000
68.500000 73.500000 73.500000 1.000000
68.500000 73.500000 74.500000 1.000000
68.500000 73.500000 75.500000 1.000000
68.500000 74.500000 52.500000 -1.000000
68.500000 74.500000 53.500000 -1.000000
68.500000 74.500000 54.500000 -1.000000
68.500000 74.500000 55.500000 -1.000000
68.500000 74.500000 56.500000 -1.000000
68.500000 74.500000 57.500000 -1.000000
68.500000 74.500000 58.500000 -1.000000
68.500000 74.500000 59.500000 -1.000000
68.500000 74.500000 68.500000 1.000000
68.500000 74.500000 69.500000 1.000000
68.500000 74.500000 70.500000 1.000000
68.500000 74.500000 71.500000 1.000000
68.500000 74.500000 72.500000 1.000000
68.500000 74.500000 73.500000 1.000000
68.500000 74.500000 74.500000 1.000000
68.500000 74.500000 75.500000 1.000000
68.500000 75.500000 52.500000 -1.000000
68.500000 75.500000 53.500000 -1.000000
68.500000 75.500000 54.500000 -1.000000
68.500000 75.500000 55.500000 -1.000000
68.500000 75.500000 56.500000 -1.000000
68.500000 75.500000 57.500000 -1.000000
68.500000 75.500000 58.500000 -1.000000
68.500000 75.500000 59.500000 -1.000000
68.500000 75.500000 68.500000 1.000000
68.500000 75.500000 69.500000 1.000000
68.500000 75.500000 70.500000 1.000000
68.500000 75.500000 71.500000 1.000000
68.500000 75.500000 72.500000 1.000000
68.500000 75.500000 73.500000 1.000000
68.500000 75.500000 74.500000 1.000000
68.500000 75.500000 75.500000 1.000000
68.500000 76.500000 52.500000 -1.000000
68.500000 76.500000 53.500000 -1.000000
68.500000 76.500000 54.500000 -1.000000
68.500000 76.500000 55.500000 -1.000000
68.500000 76.500000 56.500000 -1.000000
68.500000 76.500000 57.500000 -1.000000
68.500000 76.500000 58.500000 -1.000000
68.500000 76.500000 59.500000 -1.000000
68.500000 76.500000 68.500000 1.000000
68.500000 76.500000 69.500000 1.000000
68.500000 76.500000 70.500000 1.000000
68.500000 76.500000 71.500000 1.000000
68.500000 76.500000 72.500000 1.000000
68.500000 76.500000 73.500000 1.000000
68.500000 76.500000 74.500000 1.000000
68.500000 76.500000 75.500000 1.000000
68.500000 77.500000 52.500000 -1.000000
68.500000 77.500000 53.500000 -1.000000
68.500000 77.500000 54.500000 -1.000000
68.500000 77.500000 55.500000 -1.000000
68.500000 77.500000 56.500000 -1.000000
68.500000 77.500000 57.500000 -1.000000
68.500000 77.500000 58.500000 -1.000000
68.500000 77.500000 59.500000 -1.000000
68.500000 77.500000 68.500000 1.000000
68.500000 77.500000 69.500000 1.000000
68.500000 77.500000 70.500000 1.000000
68.500000 77.500000 71.500000 1.000000
68.500000 77.500000 72.500000 1.000000
68.500000 77.500000 73.500000 1.000000
68.500000 77.500000 74.500000 1.000000
68.500000 77.500000 75.500000 1.000000
68.500000 78.500000 52.500000 -1.000000
68.500000 78.500000 53.500000 -1.000000
68.500000 78.500000 54.500000 -1.000000
68.500000 78.500000 55.500000 -1.000000
68.500000 78.500000 56.500000 -1.000000
68.500000 78.500000 57.500000 -1.000000
68.500000 78.500000 58.500000 -1.000000
68.500000 78.500000 59.500000 -1.000000
68.500000 78.500000 68.500000 1.000000
68.500000 78.500000 69.500000 1.000000
68.500000 78.500000 70.500000 1.000000
68.500000 78.500000 71.500000 1.000000
68.500000 78.500000 72.500000 1.000000
68.500000 78.500000 73.500000 1.000000
68.500000 78.500000 74.500000 1.000000
68.500000 78.500000 75.500000 1.000000
68.500000 79.500000 52.500000 -1.000000
68.500000 79.500000 53.500000 -1.000000
68.500000 79.500000 54.500000 -1.000000
68.500000 79.500000 55.500000 -1.000000
68.500000 79.500000 56.500000 -1.000000
68.500000 79.500000 57.500000 -1.000000
68.500000 79.500000 58.500000 -1.000000
68.500000 79.500000 59.500000 -1.000000
68.500000 79.500000 68.500000 1.000000
68.500000 79.500000 69.500000 1.000000
68.500000 79.500000 70.500000 1.000000
68.500000 79.500000 71.500000 1.000000
68.500000 79.500000 72.500000 1.000000
68.500000 79.500000 73.500000 1.000000
68.500000 79.500000 74.500000 1.000000
68.500000 79.500000 75.500000 1.000000
68.500000 80.500000 52.500000 -1.000000
68.500000 80.500000 53.500000 -1.000000
68.500000 80.500000 54.500000 -1.000000
68.500000 80.500000 55.500000 -1.000000
68.500000 80.500000 56.500000 -1.000000
68.500000 80.500000 57.500000 -1.000000
68.500000 80.500000 58.500000 -1.000000
68.500000 80.500000 59.500000 -1.000000
68.500000 80.500000 68.500000 1.000000
68.500000 80.500000 69.500000 1.000000
68.500000 80.500000 70.500000 1.000000
68.500000 80.500000 71.500000 1.000000
68.500000 80.500000 72.500000 1.000000
68.500000 80.500000 73.500000 1.000000
68.500000 80.500000 74.500000 1.000000
68.500000 80.500000 75.500000 1.000000
68.500000 81.500000 52.500000 -1.000000
68.500000 81.500000 53.500000 -1.000000
68.500000 81.500000 54.500000 -1.000000
68.500000 81.500000 55.500000 -1.000000
68.500000 81.500000 56.500000 -1.000000
68.500000 81.500000 57.500000 -1.000000
68.500000 81.500000 58.500000 -1.000000
68.500000 81.500000 59.500000 -1.000000
68.500000 81.500000 68.500000 1.000000
68.500000 81.500000 69.500000 1.000000
68.500000 81.500000 70.500000 1.000000
68.500000 81.500000 71.500000 1.000000
68.500000 81.500000 72.500000 1.000000
68.500000 81.500000 73.500000 1.000000
68.500000 81.500000 74.500000 1.000000
68.500000 81.500000 75.500000 1.000000
68.500000 82.500000 52.500000 -1.000000
68.500000 82.500000 53.500000 -1.000000
68.500000 82.500000 54.500000 -1.000000
68.500000 82.500000 55.500000 -1.000000
68.500000 82.500000 56.500000 -1.000000
68.500000 82.500000 57.500000 -1.000000
68.500000 82.500000 58.500000 -1.000000
68.500000 82.500000 59.500000 -1.000000
68.500000 82.500000 68.500000 1.000000
68.500000 82.500000 69.500000 1.000000
68.500000 82.500000 70.500000 1.000000
68.500000 82.500000 71.500000 1.000000
68.500000 82.500000 72.500000 1.000000
68.500000 82.500000 73.500000 1.000000
68.500000 82.500000 74.500000 1.000000
68.500000 82.500000 75.500000 1.000000
69.500000 71.500000 52.500000 -1.000000
69.500000 71.500000 53.500000 -1.000000
69.500000 71.500000 54.500000 -1.000000
69.500000 71.500000 55.500000 -1.000000
69.500000 71.500000 56.500000 -1.000000
69.500000 71.500000 57.500000 -1.000000
69.500000 71.500000 58.500000 -1.000000
69.500000 71.500000 59.500000 -1.000000
69.500000 71.500000 68.500000 1.000000
69.500000 71.500000 69.500000 1.000000
69.500000 71.500000 70.500000 1.000000
69.500000 71.500000 71.500000 1.000000
69.500000 71.500000 72.500000 1.000000
69.500000 71.500000 73.500000 1.000000
69.500000 71.500000 74.500000 1.000000
69.500000 71.500000 75.500000 1.000000
69.500000 72.500000 52.500000 -1.000000
69.500000 72.500000 53.500000 -1.000000
69.500000 72.500000 54.500000 -1.000000
69.500000 72.500000 55.500000 -1.000000
69.500000 72.500000 56.500000 -1.000000
69.500000 72.500000 57.500000 -1.000000
69.500000 72.500000 58.500000 -1.000000
69.500000 72.500000 59.500000 -1.000000
69.500000 72.500000 68.500000 1.000000
69.500000 72.500000 69.500000 1.000000
69.500000 72.500000 70.500000 1.000000
69.500000 72.500000 71.500000 1.000000
69.500000 72.500000 72.500000 1.000000
69.500000 72.500000 73.500000 1.000000
69.500000 72.500000 74.500000 1.000000
69.500000 72.500000 75.500000 1.000000
69.500000 73.500000 52.500000 -1.000000
69.500000 73.500000 53.500000 -1.000000
69.500000 73.500000 54.500000 -1.000000
69.500000 73.500000 55.500000 -1.000000
69.500000 73.500000 56.500000 -1.000000
69.500000 73.500000 57.500000 -1.000000
69.500000 73.500000 58.500000 -1.000000
69.500000 73.500000 59.500000 -1.000000
69.500000 73.500000 68.500000 1.000000
69.500000 73.500000 69.500000 1.000000
69.500000 73.500000 70.500000 1.000000
69.500000 73.500000 71.500000 1.000000
69.500000 73.500000 72.500000 1.000000
69.500000 73.500000 73.500000 1.000000
69.500000 73.500000 74.500000 1.000000
69.500000 73.500000 75.500000 1.000000
69.500000 74.500000 52.500000 -1.000000
69.500000 74.500000 53.500000 -1.000000
69.500000 74.500000 54.500000 -1.000000
69.500000 74.500000 55.500000 -1.000000
69.500000 74.500000 56.500000 -1.000000
69.500000 74.500000 57.500000 -1.000000
69.500000 74.500000 58.500000 -1.000000
69.500000 74.500000 59.500000 -1.000000
69.500000 74.500000 68.500000 1.000000
69.500000 74.500000 69.500000 1.000000
69.500000 74.500000 70.500000 1.000000
69.500000 74.500000 71.500000 1.000000
69.500000 74.500000 72.500000 1.000000
69.500000 74.500000 73.500000 1.000000
69.500000 74.500000 74.500000 1.000000
69.500000 74.500000 75.500000 1.000000
69.500000 75.500000 52.500000 -1.000000
69.500000 75.500000 53.500000 -1.000000
69.500000 75.500000 54.500000 -1.000000
69.500000 75.500000 55.500000 -1.000000
69.500000 75.500000 56.500000 -1.000000
69.500000 75.500000 57.500000 -1.000000
69.500000 75.500000 58.500000 -1.000000
69.500000 75.500000 59.500000 -1.000000
69.500000 75.500000 68.500000 1.000000
69.500000 75.500000 69.500000 1.000000
69.500000 75.500000 70.500000 1.000000
69.500000 75.500000 71.500000 1.000000
69.500000 75.500000 72.500000 1.000000
69.500000 75.500000 73.500000 1.000000
69.500000 75.500000 74.500000 1.000000
69.500000 75.500000 75.500000 1.000000
69.500000 76.500000 52.500000 -1.000000
69.500000 76.500000 53.500000 -1.000000
69.500000 76.500000 54.500000 -1.000000
69.500000 76.500000 55.500000 -1.000000
69.500000 76.500000 56.500000 -1.000000
69.500000 76.500000 57.500000 -1.000000
69.500000 76.500000 58.500000 -1.000000
69.500000 76.500000 59.500000 -1.000000
69.500000 76.500000 68.500000 1.000000
69.500000 76.500000 69.500000 1.000000
69.500000 76.500000 70.500000 1.000000
69.500000 76.500000 71.500000 1.000000
69.500000 76.500000 72.500000 1.000000
69.500000 76.500000 73.500000 1.000000
69.500000 76.500000 74.500000 1.000000
69.500000 76.500000 75.500000 1.000000
69.500000 77.500000 52.500000 -1.000000
69.500000 77.500000 53.500000 -1.000000
69.500000 77.500000 54.500000 -1.000000
69.500000 77.500000 55.500000 -1.000000
69.500000 77.500000 56.500000 -1.000000
69.500000 77.500000 57.500000 -1.000000
69.500000 77.500000 58.500000 -1.000000
69.500000 77.500000 59.500000 -1.000000
69.500000 77.500000 68.500000 1.000000
69.500000 77.500000 69.500000 1.000000
69.500000 77.500000 70.500000 1.000000
69.500000 77.500000 71.500000 1.000000
69.500000 77.500000 72.500000 1.000000
69.500000 77.500000 73.500000 1.000000
69.500000 77.500000 74.500000 1.000000
69.500000 77.500000 75.500000 1.000000
69.500000 78.500000 52.500000 -1.000000
69.500000 78.500000 53.500000 -1.000000
69.500000 78.500000 54.500000 -1.000000
69.500000 78.500000 55.500000 -1.000000
69.500000 78.500000 56.500000 -1.000000
69.500000 78.500000 57.500000 -1.000000
69.500000 78.500000 58.500000 -1.000000
69.500000 78.500000 59.500000 -1.000000
69.500000 78.500000 68.500000 1.000000
69.500000 78.500000 69.500000 1.000000
69.500000 78.500000 70.500000 1.000000
69.500000 78.500000 71.500000 1.000000
69.500000 78.500000 72.500000 1.000000
69.500000 78.500000 73.500000 1.000000
69.500000 78.500000 74.500000 1.000000
69.500000 78.500000 75.500000 1.000000
69.500000 79.500000 52.500000 -1.000000
69.500000 79.500000 53.500000 -1.000000
69.500000 79.500000 54.500000 -1.000000
69.500000 79.500000 55.500000 -1.000000
69.500000 79.500000 56.500000 -1.000000
69.500000 79.500000 57.500000 -1.000000
69.500000 79.500000 58.500000 -1.000000
69.500000 79.500000 59.500000 -1.000000
69.500000 79.500000 68.500000 1.000000
69.500000 79.500000 69.500000 1.000000
69.500000 79.500000 70.500000 1.000000
69.500000 79.500000 71.500000 1.000000
69.500000 79.500000 72.500000 1.000000
69.500000 79.500000 73.500000 1.000000
69.500000 79.500000 74.500000 1.000000
69.500000 79.500000 75.500000 1.000000
69.500000 80.500000 52.500000 -1.000000
69.500000 80.500000 53.500000 -1.000000
69.500000 80.500000 54.500000 -1.000000
69.500000 80.500000 55.500000 -1.000000
69.500000 80.500000 56.500000 -1.000000
69.500000 80.500000 57.500000 -1.000000
69.500000 80.500000 58.500000 -1.000000
69.500000 80.500000 59.500000 -1.000000
69.500000 80.500000 68.500000 1.000000
69.500000 80.500000 69.500000 1.000000
69.500000 80.500000 70.500000 1.000000
69.500000 80.500000 71.500000 1.000000
69.500000 80.500000 72.500000 1.000000
69.500000 80.500000 73.500000 1.000000
69.500000 80.500000 74.500000 1.000000
69.500000 80.500000 75.500000 1.000000
69.500000 81.500000 52.500000 -1.000000
69.500000 81.500000 53.500000 -1.000000
69.500000 81.500000 54.500000 -1.000000
69.500000 81.500000 55.500000 -1.000000
69.500000 81.500000 56.500000 -1.000000
69.500000 81.500000 57.500000 -1.000000
69.500000 81.500000 58.500000 -1.000000
69.500000 81.500000 59.500000 -1.000000
69.500000 81.500000 68.500000 1.000000
69.500000 81.500000 69.500000 1.000000
69.500000 81.500000 70.500000 1.000000
69.500000 81.500000 71.500000 1.000000
69.500000 81.500000 72.500000 1.000000
69.500000 81.500000 73.500000 1.000000
69.500000 81.500000 74.500000 1.000000
69.500000 81.500000 75.500000 1.000000
70.500000 70.500000 52.500000 -1.000000
70.500000 70.500000 53.500000 -1.000000
70.500000 70.500000 54.500000 -1.000000
70.500000 70.500000 55.500000 -1.000000
70.500000 70.500000 56.500000 -1.000000
70.500000 70.500000 57.500000 -1.000000
70.500000 70.500000 58.500000 -1.000000
70.500000 70.500000 59.500000 -1.000000
70.500000 70.500000 68.500000 1.000000
70.500000 70.500000 69.500000 1.000000
70.500000 70.500000 70.500000 1.000000
70.500000 70.500000 71.500000 1.000000
70.500000 70.500000 72.500000 1.000000
70.500000 70.500000 73.500000 1.000000
70.500000 70.500000 74.500000 1.000000
70.500000 70.500000 75.500000 1.000000
70.500000 71.500000 52.500000 -1.000000
70.500000 71.500000 53.500000 -1.000000
70.500000 71.500000 54.500000 -1.000000
70.500000 71.500000 55.500000 -1.000000
70.500000 71.500000 56.500000 -1.000000
70.500000 71.500000 57.500000 -1.000000
70.500000 71.500000 58.500000 -1.000000
70.500000 71.500000 59.500000 -1.000000
70.500000 71.500000 68.500000 1.000000
70.500000 71.500000 69.500000 1.000000
70.500000 71.500000 70.500000 1.000000
70.500000 71.500000 71.500000 1.000000
70.500000 71.500000 72.500000 1.000000
70.500000 71.500000 73.500000 1.000000
70.500000 71.500000 74.500000 1.000000
70.500000 71.500000 75.500000 1.000000
70.500000 72.500000 52.500000 -1.000000
70.500000 72.500000 53.500000 -1.000000
70.500000 72.500000 54.500000 -1.000000
70.500000 72.500000 55.500000 -1.000000
70.500000 72.500000 56.500000 -1.000000
70.500000 72.500000 57.500000 -1.000000
70.500000 72.500000 58.500000 -1.000000
70.500000 72.500000 59.500000 -1.000000
70.500000 72.500000 68.500000 1.000000
70.500000 72.500000 69.500000 1.000000
70.500000 72.500000 70.500000 1.000000
70.500000 72.500000 71.500000 1.000000
70.500000 72.500000 72.500000 1.000000
70.500000 72.500000 73.500000 1.000000
70.500000 72.500000 74.500000 1.000000
70.500000 72.500000 75.500000 1.000000
70.500000 73.500000 52.500000 -1.000000
70.500000 73.500000 53.500000 -1.000000
70.500000 73.500000 54.500000 -1.000000
70.500000 73.500000 55.500000 -1.000000
70.500000 73.500000 56.500000 -1.000000
70.500000 73.500000 57.500000 -1.000000
70.500000 73.500000 58.500000 -1.000000
70.500000 73.500000 59.500000 -1.000000
70.500000 73.500000 68.500000 1.000000
70.500000 73.500000 69.500000 1.000000
70.500000 73.500000 70.500000 1.000000
70.500000 73.500000 71.500000 1.000000
70.500000 73.500000 72.500000 1.000000
70.500000 73.500000 73.500000 1.000000
70.500000 73.500000 74.500000 1.000000
70.500000 73.500000 75.500000 1.000000
70.500000 74.500000 52.500000 -1.000000
70.500000 74.500000 53.500000 -1.000000
70.500000 74.500000 54.500000 -1.000000
70.500000 74.500000 55.500000 -1.000000
70.500000 74.500000 56.500000 -1.000000
70.500000 74.500000 57.500000 -1.000000
70.500000 74.500000 58.500000 -1.000000
70.500000 74.500000 59.500000 -1.000000
70.500000 74.500000 68.500000 1.000000
70.500000 74.500000 69.500000 1.000000
70.500000 74.500000 70.500000 1.000000
70.500000 74.500000 71.500000 1.000000
70.500000 74.500000 72.500000 1.000000
70.500000 74.500000 73.500000 1.000000
70.500000 74.500000 74.500000 1.000000
70.500000 74.500000 75.500000 1.000000
70.500000 75.500000 52.500000 -1.000000
70.500000 75.500000 53.500000 -1.000000
70.500000 75.500000 54.500000 -1.000000
70.500000 75.500000 55.500000 -1.000000
70.500000 75.500000 56.500000 -1.000000
70.500000 75.500000 57.500000 -1.000000
70.500000 75.500000 58.500000 -1.000000
70.500000 75.500000 59.500000 -1.000000
70.500000 75.500000 68.500000 1.000000
70.500000 75.500000 69.500000 1.000000
70.500000 75.500000 70.500000 1.000000
70.500000 75.500000 71.500000 1.000000
70.500000 75.500000 72.500000 1.000000
70.500000 75.500000 73.500000 1.000000
70.500000 75.500000 74.500000 1.000000
70.500000 75.500000 75.500000 1.000000
70.500000 76.500000 52.500000 -1.000000
70.500000 76.500000 53.500000 -1.000000
70.500000 76.500000 54.500000 -1.000000
70.500000 76.500000 55.500000 -1.000000
70.500000 76.500000 56.500000 -1.000000
70.500000 76.500000 57.500000 -1.000000
70.500000 76.500000 58.500000 -1.000000
70.500000 76.500000 59.500000 -1.000000
70.500000 76.500000 68.500000 1.000000
70.500000 76.500000 69.500000 1.000000
70.500000 76.500000 70.500000 1.000000
70.500000 76.500000 71.500000 1.000000
70.500000 76.500000 72.500000 1.000000
70.500000 76.500000 73.500000 1.000000
70.500000 76.500000 74.500000 1.000000
70.500000 76.500000 75.500000 1.000000
70.500000 77.500000 52.500000 -1.000000
70.500000 77.500000 53.500000 -1.000000
70.500000 77.500000 54.500000 -1.000000
70.500000 77.500000 55.500000 -1.000000
70.500000 77.500000 56.500000 -1.000000
70.500000 77.500000 57.500000 -1.000000
70.500000 77.500000 58.500000 -1.000000
70.500000 77.500000 59.500000 -1.000000
70.500000 77.500000 68.500000 1.000000
70.500000 77.500000 69.500000 1.000000
70.500000 77.500000 70.500000 1.000000
70.500000 77.500000 71.500000 1.000000
70.500000 77.500000 72.500000 1.000000
70.500000 77.500000 73.500000 1.000000
70.500000 77.500000 74.500000 1.000000
70.500000 77.500000 75.500000 1.000000
70.500000 78.500000 52.500000 -1.000000
70.500000 78.500000 53.500000 -1.000000
70.500000 78.500000 54.500000 -1.000000
70.500000 78.500000 55.500000 -1.000000
70.500000 78.500000 56.500000 -1.000000
70.500000 78.500000 57.500000 -1.000000
70.500000 78.500000 58.500000 -1.000000
70.500000 78.500000 59.500000 -1.000000
70.500000 78.500000 68.500000 1.000000
70.500000 78.500000 69.500000 1.000000
70.500000 78.500000 70.500000 1.000000
70.500000 78.500000 71.500000 1.000000
70.500000 78.500000 72.500000 1.000000
70.500000 78.500000 73.500000 1.000000
70.500000 78.500000 74.500000 1.000000
70.500000 78.500000 75.500000 1.000000
70.500000 79.500000 52.500000 -1.000000
70.500000 79.500000 53.500000 -1.000000
70.500000 79.500000 54.500000 -1.000000
70.500000 79.500000 55.500000 -1.000000
70.500000 79.500000 56.500000 -1.000000
70.500000 79.500000 57.500000 -1.000000
70.500000 79.500000 58.500000 -1.000000
70.500000 79.500000 59.500000 -1.000000
70.500000 79.500000 68.500000 1.000000
70.500000 79.500000 69.500000 1.000000
70.500000 79.500000 70.500000 1.000000
70.500000 79.500000 71.500000 1.000000
70.500000 79.500000 72.500000 1.000000
70.500000 79.500000 73.500000 1.000000
70.500000 79.500000 74.500000 1.000000
70.500000 79.500000 75.500000 1.000000
70.500000 80.500000 52.500000 -1.000000
70.500000 80.500000 53.500000 -1.000000
70.500000 80.500000 54.500000 -1.000000
70.500000 80.500000 55.500000 -1.000000
70.500000 80.500000 56.500000 -1.000000
70.500000 80.500000 57.500000 -1.000000
70.500000 80.500000 58.500000 -1.000000
70.500000 80.500000 59.500000 -1.000000
70.500000 80.500000 68.500000 1.000000
70.500000 80.500000 69.500000 1.000000
70.500000 80.500000 70.500000 1.000000
70.500000 80.500000 71.500000 1.000000
70.500000 80.500000 72.500000 1.000000
70.500000 80.500000 73.500000 1.000000
70.500000 80.500000 74.500000 1.000000
70.500000 80.500000 75.500000 1.000000
70.500000 81.500000 52.500000 -1.000000
70.500000 81.500000 53.500000 -1.000000
70.500000 81.500000 54.500000 -1.000000
70.500000 81.500000 55.500000 -1.000000
70.500000 81.500000 56.500000 -1.000000
70.500000 81.500000 57.500000 -1.000000
70.500000 81.500000 58.500000 -1.000000
70.500000 81.500000 59.500000 -1.000000
70.500000 81.500000 68.500000 1.000000
70.500000 81.500000 69.500000 1.000000
70.500000 81.500000 70.500000 1.000000
70.500000 81.500000 71.500000 1.000000
70.500000 81.500000 72.500000 1.000000
70.500000 81.500000 73.500000 1.000000
70.500000 81.500000 74.500000 1.000000
70.500000 81.500000 75.500000 1.000000
71.500000 69.500000 52.500000 -1.000000
71.500000 69.500000 53.500000 -1.000000
71.500000 69.500000 54.500000 -1.000000
71.500000 69.500000 55.500000 -1.000000
71.500000 69.500000 56.500000 -1.000000
71.500000 69.500000 57.500000 -1.000000
71.500000 69.500000 58.500000 -1.000000
71.500000 69.500000 59.500000 -1.000000
71.500000 69.500000 68.500000 1.000000
71.500000 69.500000 69.500000 1.000000
71.500000 69.500000 70.500000 1.000000
71.500000 69.500000 71.500000 1.000000
71.500000 69.500000 72.500000 1.000000
71.500000 69.500000 73.500000 1.000000
71.500000 69.500000 74.500000 1.000000
71.500000 69.500000 75.500000 1.000000
71.500000 70.500000 52.500000 -1.000000
71.500000 70.500000 53.500000 -1.000000
71.500000 70.500000 54.500000 -1.000000
71.500000 70.500000 55.500000 -1.000000
71.500000 70.500000 56.500000 -1.000000
71.500000 70.500000 57.500000 -1.000000
71.500000 70.500000 58.500000 -1.000000
71.500000 70.500000 59.500000 -1.000000
71.500000 70.500000 68.500000 1.000000
71.500000 70.500000 69.500000 1.000000
71.500000 70.500000 70.500000 1.000000
71.500000 70.500000 71.500000 1.000000
71.500000 70.500000 72.500000 1.000000
71.500000 70.500000 73.500000 1.000000
71.500000 70.500000 74.500000 1.000000
71.500000 70.500000 75.500000 1.000000
71.500000 71.500000 52.500000 -1.000000
71.500000 71.500000 53.500000 -1.000000
71.500000 71.500000 54.500000 -1.000000
71.500000 71.500000 55.500000 -1.000000
71.500000 71.500000 56.500000 -1.000000
71.500000 71.500000 57.500000 -1.000000
71.500000 71.500000 58.500000 -1.000000
71.500000 71.500000 59.500000 -1.000000
71.500000 71.500000 68.500000 1.000000
71.500000 71.500000 69.500000 1.000000
71.500000 71.500000 70.500000 1.000000
71.500000 71.500000 71.500000 1.000000
71.500000 71.500000 72.500000 1.000000
71.500000 71.500000 73.500000 1.000000
71.500000 71.500000 74.500000 1.000000
71.500000 71.500000 75.500000 1.000000
71.500000 72.500000 52.500000 -1.000000
71.500000 72.500000 53.500000 -1.000000
71.500000 72.500000 54.500000 -1.000000
71.500000 72.500000 55.500000 -1.000000
71.500000 72.500000 56.500000 -1.000000
71.500000 72.500000 57.500000 -1.000000
71.500000 72.500000 58.500000 -1.000000
71.500000 72.500000 59.500000 -1.000000
71.500000 72.500000 68.500000 1.000000
71.500000 72.500000 69.500000 1.000000
71.500000 72.500000 70.500000 1.000000
71.500000 72.500000 71.500000 1.000000
71.500000 72.500000 72.500000 1.000000
71.500000 72.500000 73.500000 1.000000
71.500000 72.500000 74.500000 1.000000
71.500000 72.500000 75.500000 1.000000
71.500000 73.500000 52.500000 -1.000000
71.500000 73.500000 53.500000 -1.000000
71.500000 73.500000 54.500000 -1.000000
71.500000 73.500000 55.500000 -1.000000
71.500000 73.500000 56.500000 -1.000000
71.500000 73.500000 57.500000 -1.000000
71.500000 73.500000 58.500000 -1.000000
71.500000 73.500000 59.500000 -1.000000
71.500000 73.500000 68.500000 1.000000
71.500000 73.500000 69.500000 1.000000
71.500000 73.500000 70.500000 1.000000
71.500000 73.500000 71.500000 1.000000
71.500000 73.500000 72.500000 1.000000
71.500000 73.500000 73.500000 1.000000
71.500000 73.500000 74.500000 1.000000
71.500000 73.500000 75.500000 1.000000
71.500000 74.500000 52.500000 -1.000000
71.500000 74.500000 53.500000 -1.000000
71.500000 74.500000 54.500000 -1.000000
71.500000 74.500000 55.500000 -1.000000
71.500000 74.500000 56.500000 -1.000000
71.500000 74.500000 57.500000 -1.000000
71.500000 74.500000 58.500000 -1.000000
71.500000 74.500000 59.500000 -1.000000
71.500000 74.500000 68.500000 1.000000
71.500000 74.500000 69.500000 1.000000
71.500000 74.500000 70.500000 1.000000
71.500000 74.500000 71.500000 1.000000
71.500000 74.500000 72.500000 1.000000
71.500000 74.500000 73.500000 1.000000
71.500000 74.500000 74.500000 1.000000
71.500000 74.500000 75.500000 1.000000
71.500000 75.500000 52.500000 -1.000000
71.500000 75.500000 53.500000 -1.000000
71.500000 75.500000 54.500000 -1.000000
71.500000 75.500000 55.500000 -1.000000
71.500000 75.500000 56.500000 -1.000000
71.500000 75.500000 57.500000 -1.000000
71.500000 75.500000 58.500000 -1.000000
71.500000 75.500000 59.500000 -1.000000
71.500000 75.500000 68.500000 1.000000
71.500000 75.500000 69.500000 1.000000
71.500000 75.500000 70.500000 1.000000
71.500000 75.500000 71.500000 1.000000
71.500000 75.500000 72.500000 1.000000
71.500000 75.500000 73.500000 1.000000
71.500000 75.500000 74.500000 1.000000
71.500000 75.500000 75.500000 1.000000
71.500000 76.500000 52.500000 -1.000000
71.500000 76.500000 53.500000 -1.000000
71.500000 76.500000 54.500000 -1.000000
71.500000 76.500000 55.500000 -1.000000
71.500000 76.500000 56.500000 -1.000000
71.500000 76.500000 57.500000 -1.000000
71.500000 76.500000 58.500000 -1.000000
71.500000 76.500000 59.500000 -1.000000
71.500000 76.500000 68.500000 1.000000
71.500000 76.500000 69.500000 1.000000
71.500000 76.500000 70.500000 1.000000
71.500000 76.500000 71.500000 1.000000
71.500000 76.500000 72.500000 1.000000
71.500000 76.500000 73.500000 1.000000
71.500000 76.500000 74.500000 1.000000
71.500000 76.500000 75.500000 1.000000
71.500000 77.500000 52.500000 -1.000000
71.500000 77.500000 53.500000 -1.000000
71.500000 77.500000 54.500000 -1.000000
71.500000 77.500000 55.500000 -1.000000
71.500000 77.500000 56.500000 -1.000000
71.500000 77.500000 57.500000 -1.000000
71.500000 77.500000 58.500000 -1.000000
71.500000 77.500000 59.500000 -1.000000
71.500000 77.500000 68.500000 1.000000
71.500000 77.500000 69.500000 1.000000
71.500000 77.500000 70.500000 1.000000
71.500000 77.500000 71.500000 1.000000
71.500000 77.500000 72.500000 1.000000
71.500000 77.500000 73.500000 1.000000
71.500000 77.500000 74.500000 1.000000
71.500000 77.500000 75.500000 1.000000
71.500000 78.500000 52.500000 -1.000000
71.500000 78.500000 53.500000 -1.000000
71.500000 78.500000 54.500000 -1.000000
71.500000 78.500000 55.500000 -1.000000
71.500000 78.500000 56.500000 -1.000000
71.500000 78.500000 57.500000 -1.000000
71.500000 78.500000 58.500000 -1.000000
71.500000 78.500000 59.500000 -1.000000
71.500000 78.500000 68.500000 1.000000
71.500000 78.500000 69.500000 1.000000
71.500000 78.500000 70.500000 1.000000
71.500000 78.500000 71.500000 1.000000
71.500000 78.500000 72.500000 1.000000
71.500000 78.500000 73.500000 1.000000
71.500000 78.500000 74.500000 1.000000
71.500000 78.500000 75.500000 1.000000
71.500000 79.500000 52.500000 -1.000000
71.500000 79.500000 53.500000 -1.000000
71.500000 79.500000 54.500000 -1.000000
71.500000 79.500000 55.500000 -1.000000
71.500000 79.500000 56.500000 -1.000000
71.500000 79.500000 57.500000 -1.000000
71.500000 79.500000 58.500000 -1.000000
71.500000 79.500000 59.500000 -1.000000
71.500000 79.500000 68.500000 1.000000
71.500000 79.500000 69.500000 1.000000
71.500000 79.500000 70.500000 1.000000
71.500000 79.500000 71.500000 1.000000
71.500000 79.500000 72.500000 1.000000
71.500000 79.500000 73.500000 1.000000
71.500000 79.500000 74.500000 1.000000
71.500000 79.500000 75.500000 1.000000
71.500000 80.500000 52.500000 -1.000000
71.500000 80.500000 53.500000 -1.000000
71.500000 80.500000 54.500000 -1.000000
71.500000 80.500000 55.500000 -1.000000
71.500000 80.500000 56.500000 -1.000000
71.500000 80.500000 57.500000 -1.000000
71.500000 80.500000 58.500000 -1.000000
71.500000 80.500000 59.500000 -1.000000
71.500000 80.500000 68.500000 1.000000
71.500000 80.500000 69.500000 1.000000
71.500000 80.500000 70.500000 1.000000
71.500000 80.500000 71.500000 1.000000
71.500000 80.500000 72.500000 1.000000
71.500000 80.500000 73.500000 1.000000
71.500000 80.500000 74.500000 1.000000
71.500000 80.500000 75.500000 1.000000
72.500000 68.500000 52.500000 -1.000000
72.500000 68.500000 53.500000 -1.000000
72.500000 68.500000 54.500000 -1.000000
72.500000 68.500000 55.500000 -1.000000
72.500000 68.500000 56.500000 -1.000000
72.500000 68.500000 57.500000 -1.000000
72.500000 68.500000 58.500000 -1.000000
72.500000 68.500000 59.500000 -1.000000
72.500000 68.500000 68.500000 1.000000
72.500000 68.500000 69.500000 1.000000
72.500000 68.500000 70.500000 1.000000
72.500000 68.500000 71.500000 1.000000
72.500000 68.500000 72.500000 1.000000
72.500000 68.500000 73.500000 1.000000
72.500000 68.500000 74.500000 1.000000
72.500000 68.500000 75.500000 1.000000
72.500000 69.500000 52.500000 -1.000000
72.500000 69.500000 53.500000 -1.000000
72.500000 69.500000 54.500000 -1.000000
72.500000 69.500000 55.500000 -1.000000
72.500000 69.500000 56.500000 -1.000000
72.500000 69.500000 57.500000 -1.000000
72.500000 69.500000 58.500000 -1.000000
72.500000 69.500000 59.500000 -1.000000
72.500000 69.500000 68.500000 1.000000
72.500000 69.500000 69.500000 1.000000
72.500000 69.500000 70.500000 1.000000
72.500000 69.500000 71.500000 1.000000
72.500000 69.500000 72.500000 1.000000
72.500000 69.500000 73.500000 1.000000
72.500000 69.500000 74.500000 1.000000
72.500000 69.500000 75.500000 1.000000
72.500000 70.500000 52.500000 -1.000000
72.500000 70.500000 53.500000 -1.000000
72.500000 70.500000 54.500000 -1.000000
72.500000 70.500000 55.500000 -1.000000
72.500000 70.500000 56.500000 -1.000000
72.500000 70.500000 57.500000 -1.000000
72.500000 70.500000 58.500000 -1.000000
72.500000 70.500000 59.500000 -1.000000
72.500000 70.500000 68.500000 1.000000
72.500000 70.500000 69.500000 1.000000
72.500000 70.500000 70.500000 1.000000
72.500000 70.500000 71.500000 1.000000
72.500000 70.500000 72.500000 1.000000
72.500000 70.500000 73.500000 1.000000
72.500000 70.500000 74.500000 1.000000
72.500000 70.500000 75.500000 1.000000
72.500000 71.500000 52.500000 -1.000000
72.500000 71.500000 53.500000 -1.000000
72.500000 71.500000 54.500000 -1.000000
72.500000 71.500000 55.500000 -1.000000
72.500000 71.500000 56.500000 -1.000000
72.500000 71.500000 57.500000 -1.000000
72.500000 71.500000 58.500000 -1.000000
72.500000 71.500000 59.500000 -1.000000
72.500000 71.500000 68.500000 1.000000
72.500000 71.500000 69.500000 1.000000
72.500000 71.500000 70.500000 1.000000
72.500000 71.500000 71.500000 1.000000
72.500000 71.500000 72.500000 1.000000
72.500000 71.500000 73.500000 1.000000
72.500000 71.500000 74.500000 1.000000
72.500000 71.500000 75.500000 1.000000
72.500000 72.500000 52.500000 -1.000000
72.500000 72.500000 53.500000 -1.000000
72.500000 72.500000 54.500000 -1.000000
72.500000 72.500000 55.500000 -1.000000
72.500000 72.500000 56.500000 -1.000000
72.500000 72.500000 57.500000 -1.000000
72.500000 72.500000 58.500000 -1.000000
72.500000 72.500000 59.500000 -1.000000
72.500000 72.500000 68.500000 1.000000
72.500000 72.500000 69.500000 1.000000
72.500000 72.500000 70.500000 1.000000
72.500000 72.500000 71.500000 1.000000
72.500000 72.500000 72.500000 1.000000
72.500000 72.500000 73.500000 1.000000
72.500000 72.500000 74.500000 1.000000
72.500000 72.500000 75.500000 1.000000
72.500000 73.500000 52.500000 -1.000000
72.500000 73.500000 53.500000 -1.000000
72.500000 73.500000 54.500000 -1.000000
72.500000 73.500000 55.500000 -1.000000
72.500000 73.500000 56.500000 -1.000000
72.500000 73.500000 57.500000 -1.000000
72.500000 73.500000 58.500000 -1.000000
72.500000 73.500000 59.500000 -1.000000
72.500000 73.500000 68.500000 1.000000
72.500000 73.500000 69.500000 1.000000
72.500000 73.500000 70.500000 1.000000
72.500000 73.500000 71.500000 1.000000
72.500000 73.500000 72.500000 1.000000
72.500000 73.500000 73.500000 1.000000
72.500000 73.500000 74.500000 1.000000
72.500000 73.500000 75.500000 1.000000
72.500000 74.500000 52.500000 -1.000000
72.500000 74.500000 53.500000 -1.000000
72.500000 74.500000 54.500000 -1.000000
72.500000 74.500000 55.500000 -1.000000
72.500000 74.500000 56.500000 -1.000000
72.500000 74.500000 57.500000 -1.000000
72.500000 74.500000 58.500000 -1.000000
72.500000 74.500000 59.500000 -1.000000
72.500000 74.500000 68.500000 1.000000
72.500000 74.500000 69.500000 1.000000
72.500000 74.500000 70.500000 1.000000
72.500000 74.500000 71.500000 1.000000
72.500000 74.500000 72.500000 1.000000
72.500000 74.500000 73.500000 1.000000
72.500000 74.500000 74.500000 1.000000
72.500000 74.500000 75.500000 1.000000
72.500000 75.500000 52.500000 -1.000000
72.500000 75.500000 53.500000 -1.000000
72.500000 75.500000 54.500000 -1.000000
72.500000 75.500000 55.500000 -1.000000
72.500000 75.500000 56.500000 -1.000000
72.500000 75.500000 57.500000 -1.000000
72.500000 75.500000 58.500000 -1.000000
72.500000 75.500000 59.500000 -1.000000
72.500000 75.500000 68.500000 1.000000
72.500000 75.500000 69.500000 1.000000
72.500000 75.500000 70.500000 1.000000
72.500000 75.500000 71.500000 1.000000
72.500000 75.500000 72.500000 1.000000
72.500000 75.500000 73.500000 1.000000
72.500000 75.500000 74.500000 1.000000
72.500000 75.500000 75.500000 1.000000
72.500000 76.500000 52.500000 -1.000000
72.500000 76.500000 53.500000 -1.000000
72.500000 76.500000 54.500000 -1.000000
72.500000 76.500000 55.500000 -1.000000
72.500000 76.500000 56.500000 -1.000000
72.500000 76.500000 57.500000 -1.000000
72.500000 76.500000 58.500000 -1.000000
72.500000 76.500000 59.500000 -1.000000
72.500000 76.500000 68.500000 1.000000
72.500000 76.500000 69.500000 1.000000
72.500000 76.500000 70.500000 1.000000
72.500000 76.500000 71.500000 1.000000
72.500000 76.500000 72.500000 1.000000
72.500000 76.500000 73.500000 1.000000
72.500000 76.500000 74.500000 1.000000
72.500000 76.500000 75.500000 1.000000
72.500000 77.500000 52.500000 -1.000000
72.500000 77.500000 53.500000 -1.000000
72.500000 77.500000 54.500000 -1.000000
72.500000 77.500000 55.500000 -1.000000
72.500000 77.500000 56.500000 -1.000000
72.500000 77.500000 57.500000 -1.000000
72.500000 77.500000 58.500000 -1.000000
72.500000 77.500000 59.500000 -1.000000
72.500000 77.500000 68.500000 1.000000
72.500000 77.500000 69.500000 1.000000
72.500000 77.500000 70.500000 1.000000
72.500000 77.500000 71.500000 1.000000
72.500000 77.500000 72.500000 1.000000
72.500000 77.500000 73.500000 1.000000
72.500000 77.500000 74.500000 1.000000
72.500000 77.500000 75.500000 1.000000
72.500000 78.500000 52.500000 -1.000000
72.500000 78.500000 53.500000 -1.000000
72.500000 78.500000 54.500000 -1.000000
72.500000 78.500000 55.500000 -1.000000
72.500000 78.500000 56.500000 -1.000000
72.500000 78.500000 57.500000 -1.000000
72.500000 78.500000 58.500000 -1.000000
72.500000 78.500000 59.500000 -1.000000
72.500000 78.500000 68.500000 1.000000
72.500000 78.500000 69.500000 1.000000
72.500000 78.500000 70.500000 1.000000
72.500000 78.500000 71.500000 1.000000
72.500000 78.500000 72.500000 1.000000
72.500000 78.500000 73.500000 1.000000
72.500000 78.500000 74.500000 1.000000
72.500000 78.500000 75.500000 1.000000
72.500000 79.500000 52.500000 -1.000000
72.500000 79.500000 53.500000 -1.000000
72.500000 79.500000 54.500000 -1.000000
72.500000 79.500000 55.500000 -1.000000
72.500000 79.500000 56.500000 -1.000000
72.500000 79.500000 57.500000 -1.000000
72.500000 79.500000 58.500000 -1.000000
72.500000 79.500000 59.500000 -1.000000
72.500000 79.500000 68.500000 1.000000
72.500000 79.500000 69.500000 1.000000
72.500000 79.500000 70.500000 1.000000
72.500000 79.500000 71.500000 1.000000
72.500000 79.500000 72.500000 1.000000
72.500000 79.500000 73.500000 1.000000
72.500000 79.500000 74.500000 1.000000
72.500000 79.500000 75.500000 1.000000
73.500000 66.500000 52.500000 -1.000000
73.500000 66.500000 53.500000 -1.000000
73.500000 66.500000 54.500000 -1.000000
73.500000 66.500000 55.500000 -1.000000
73.500000 66.500000 56.500000 -1.000000
73.500000 66.500000 57.500000 -1.000000
73.500000 66.500000 58.500000 -1.000000
73.500000 66.500000 59.500000 -1.000000
73.500000 66.500000 68.500000 1.000000
73.500000 66.500000 69.500000 1.000000
73.500000 66.500000 70.500000 1.000000
73.500000 66.500000 71.500000 1.000000
73.500000 66.500000 72.500000 1.000000
73.500000 66.500000 73.500000 1.000000
73.500000 66.500000 74.500000 1.000000
73.500000 66.500000 75.500000 1.000000
73.500000 67.500000 52.500000 -1.000000
73.500000 67.500000 53.500000 -1.000000
73.500000 67.500000 54.500000 -1.000000
73.500000 67.500000 55.500000 -1.000000
73.500000 67.500000 56.500000 -1.000000
73.500000 67.500000 57.500000 -1.000000
73.500000 67.500000 58.500000 -1.000000
73.500000 67.500000 59.500000 -1.000000
73.500000 67.500000 68.500000 1.000000
73.500000 67.500000 69.500000 1.000000
73.500000 67.500000 70.500000 1.000000
73.500000 67.500000 71.500000 1.000000
73.500000 67.500000 72.500000 1.000000
73.500000 67.500000 73.500000 1.000000
73.500000 67.500000 74.500000 1.000000
73.500000 67.500000 75.500000 1.000000
73.500000 68.500000 52.500000 -1.000000
73.500000 68.500000 53.500000 -1.000000
73.500000 68.500000 54.500000 -1.000000
73.500000 68.500000 55.500000 -1.000000
73.500000 68.500000 56.500000 -1.000000
73.500000 68.500000 57.500000 -1.000000
73.500000 68.500000 58.500000 -1.000000
73.500000 68.500000 59.500000 -1.000000
73.500000 68.500000 68.500000 1.000000
73.500000 68.500000 69.500000 1.000000
73.500000 68.500000 70.500000 1.000000
73.500000 68.500000 71.500000 1.000000
73.500000 68.500000 72.500000 1.000000
73.500000 68.500000 73.500000 1.000000
73.500000 68.500000 74.500000 1.000000
73.500000 68.500000 75.500000 1.000000
73.500000 69.500000 52.500000 -1.000000
73.500000 69.500000 53.500000 -1.000000
73.500000 69.500000 54.500000 -1.000000
73.500000 69.500000 55.500000 -1.000000
73.500000 69.500000 56.500000 -1.000000
73.500000 69.500000 57.500000 -1.000000
73.500000 69.500000 58.500000 -1.000000
73.500000 69.500000 59.500000 -1.000000
73.500000 69.500000 68.500000 1.000000
73.500000 69.500000 69.500000 1.000000
73.500000 69.500000 70.500000 1.000000
73.500000 69.500000 71.500000 1.000000
73.500000 69.500000 72.500000 1.000000
73.500000 69.500000 73.500000 1.000000
73.500000 69.500000 74.500000 1.000000
73.500000 69.500000 75.500000 1.000000
73.500000 70.500000 52.500000 -1.000000
73.500000 70.500000 53.500000 -1.000000
73.500000 70.500000 54.500000 -1.000000
73.500000 70.500000 55.500000 -1.000000
73.500000 70.500000 56.500000 -1.000000
73.500000 70.500000 57.500000 -1.000000
73.500000 70.500000 58.500000 -1.000000
73.500000 70.500000 59.500000 -1.000000
73.500000 70.500000 68.500000 1.000000
73.500000 70.500000 69.500000 1.000000
73.500000 70.500000 70.500000 1.000000
73.500000 70.500000 71.500000 1.000000
73.500000 70.500000 72.500000 1.000000
73.500000 70.500000 73.500000 1.000000
73.500000 70.500000 74.500000 1.000000
73.500000 70.500000 75.500000 1.000000
73.500000 71.500000 52.500000 -1.000000
73.500000 71.500000 53.500000 -1.000000
73.500000 71.500000 54.500000 -1.000000
73.500000 71.500000 55.500000 -1.000000
73.500000 71.500000 56.500000 -1.000000
73.500000 71.500000 57.500000 -1.000000
73.500000 71.500000 58.500000 -1.000000
73.500000 71.500000 59.500000 -1.000000
73.500000 71.500000 68.500000 1.000000
73.500000 71.500000 69.500000 1.000000
73.500000 71.500000 70.500000 1.000000
73.500000 71.500000 71.500000 1.000000
73.500000 71.500000 72.500000 1.000000
73.500000 71.500000 73.500000 1.000000
73.500000 71.500000 74.500000 1.000000
73.500000 71.500000 75.500000 1.000000
73.500000 72.500000 52.500000 -1.000000
73.500000 72.500000 53.500000 -1.000000
73.500000 72.500000 54.500000 -1.000000
73.500000 72.500000 55.500000 -1.000000
73.500000 72.500000 56.500000 -1.000000
73.500000 72.500000 57.500000 -1.000000
73.500000 72.500000 58.500000 -1.000000
73.500000 72.500000 59.500000 -1.000000
73.500000 72.500000 68.500000 1.000000
73.500000 72.500000 69.500000 1.000000
73.500000 72.500000 70.500000 1.000000
73.500000 72.500000 71.500000 1.000000
73.500000 72.500000 72.500000 1.000000
73.500000 72.500000 73.500000 1.000000
73.500000 72.500000 74.500000 1.000000
73.500000 72.500000 75.500000 1.000000
73.500000 73.500000 52.500000 -1.000000
73.500000 73.500000 53.500000 -1.000000
73.500000 73.500000 54.500000 -1.000000
73.500000 73.500000 55.500000 -1.000000
73.500000 73.500000 56.500000 -1.000000
73.500000 73.500000 57.500000 -1.000000
73.500000 73.500000 58.500000 -1.000000
73.500000 73.500000 59.500000 -1.000000
73.500000 73.500000 68.500000 1.000000
73.500000 73.500000 69.500000 1.000000
73.500000 73.500000 70.500000 1.000000
73.500000 73.500000 71.500000 1.000000
73.500000 73.500000 72.500000 1.000000
73.500000 73.500000 73.500000 1.000000
73.500000 73.500000 74.500000 1.000000
73.500000 73.500000 75.500000 1.000000
73.500000 74.500000 52.500000 -1.000000
73.500000 74.500000 53.500000 -1.000000
73.500000 74.500000 54.500000 -1.000000
73.500000 74.500000 55.500000 -1.000000
73.500000 74.500000 56.500000 -1.000000
73.500000 74.500000 57.500000 -1.000000
73.500000 74.500000 58.500000 -1.000000
73.500000 74.500000 59.500000 -1.000000
73.500000 74.500000 68.500000 1.000000
73.500000 74.500000 69.500000 1.000000
73.500000 74.500000 70.500000 1.000000
73.500000 74.500000 71.500000 1.000000
73.500000 74.500000 72.500000 1.000000
73.500000 74.500000 73.500000 1.000000
73.500000 74.500000 74.500000 1.000000
73.500000 74.500000 75.500000 1.000000
73.500000 75.500000 52.500000 -1.000000
73.500000 75.500000 53.500000 -1.000000
73.500000 75.500000 54.500000 -1.000000
73.500000 75.500000 55.500000 -1.000000
73.500000 75.500000 56.500000 -1.000000
73.500000 75.500000 57.500000 -1.000000
73.500000 75.500000 58.500000 -1.000000
73.500000 75.500000 59.500000 -1.000000
73.500000 75.500000 68.500000 1.000000
73.500000 75.500000 69.500000 1.000000
73.500000 75.500000 70.500000 1.000000
73.500000 75.500000 71.500000 1.000000
73.500000 75.500000 72.500000 1.000000
73.500000 75.500000 73.500000 1.000000
73.500000 75.500000 74.500000 1.000000
73.500000 75.500000 75.500000 1.000000
73.500000 76.500000 52.500000 -1.000000
73.500000 76.500000 53.500000 -1.000000
73.500000 76.500000 54.500000 -1.000000
73.500000 76.500000 55.500000 -1.000000
73.500000 76.500000 56.500000 -1.000000
73.500000 76.500000 57.500000 -1.000000
73.500000 76.500000 58.500000 -1.000000
73.500000 76.500000 59.500000 -1.000000
73.500000 76.500000 68.500000 1.000000
73.500000 76.500000 69.500000 1.000000
73.500000 76.500000 70.500000 1.000000
73.500000 76.500000 71.500000 1.000000
73.500000 76.500000 72.500000 1.000000
73.500000 76.500000 73.500000 1.000000
73.500000 76.500000 74.500000 1.000000
73.500000 76.500000 75.500000 1.000000
73.500000 77.500000 52.500000 -1.000000
73.500000 77.500000 53.500000 -1.000000
73.500000 77.500000 54.500000 -1.000000
73.500000 77.500000 55.500000 -1.000000
73.500000 77.500000 56.500000 -1.000000
73.500000 77.500000 57.500000 -1.000000
73.500000 77.500000 58.500000 -1.000000
73.500000 77.500000 59.500000 -1.000000
73.500000 77.500000 68.500000 1.000000
73.500000 77.500000 69.500000 1.000000
73.500000 77.500000 70.500000 1.000000
73.500000 77.500000 71.500000 1.000000
73.500000 77.500000 72.500000 1.000000
73.500000 77.500000 73.500000 1.000000
73.500000 77.500000 74.500000 1.000000
73.500000 77.500000 75.500000 1.000000
73.500000 78.500000 52.500000 -1.000000
73.500000 78.500000 53.500000 -1.000000
73.500000 78.500000 54.500000 -1.000000
73.500000 78.500000 55.500000 -1.000000
73.500000 78.500000 56.500000 -1.000000
73.500000 78.500000 57.500000 -1.000000
73.500000 78.500000 58.500000 -1.000000
73.500000 78.500000 59.500000 -1.000000
73.500000 78.500000 68.500000 1.000000
73.500000 78.500000 69.500000 1.000000
73.500000 78.500000 70.500000 1.000000
73.500000 78.500000 71.500000 1.000000
73.500000 78.500000 72.500000 1.000000
73.500000 78.500000 73.500000 1.000000
73.500000 78.500000 74.500000 1.000000
73.500000 78.500000 75.500000 1.000000
73.500000 79.500000 52.500000 -1.000000
73.500000 79.500000 53.500000 -1.000000
73.500000 79.500000 54.500000 -1.000000
73.500000 79.500000 55.500000 -1.000000
73.500000 79.500000 56.500000 -1.000000
73.500000 79.500000 57.500000 -1.000000
73.500000 79.500000 58.500000 -1.000000
73.500000 79.500000 59.500000 -1.000000
73.500000 79.500000 68.500000 1.000000
73.500000 79.500000 69.500000 1.000000
73.500000 79.500000 70.500000 1.000000
73.500000 79.500000 71.500000 1.000000
73.500000 79.500000 72.500000 1.000000
73.500000 79.500000 73.500000 1.000000
73.500000 79.500000 74.500000 1.000000
73.500000 79.500000 75.500000 1.000000
74.500000 66.500000 52.500000 -1.000000
74.500000 66.500000 53.500000 -1.000000
74.500000 66.500000 54.500000 -1.000000
74.500000 66.500000 55.500000 -1.000000
74.500000 66.500000 56.500000 -1.000000
74.500000 66.500000 57.500000 -1.000000
74.500000 66.500000 58.500000 -1.000000
74.500000 66.500000 59.500000 -1.000000
74.500000 66.500000 68.500000 1.000000
74.500000 66.500000 69.500000 1.000000
74.500000 66.500000 70.500000 1.000000
74.500000 66.500000 71.500000 1.000000
74.500000 66.500000 72.500000 1.000000
74.500000 66.500000 73.500000 1.000000
74.500000 66.500000 74.500000 1.000000
74.500000 66.500000 75.500000 1.000000
74.500000 67.500000 52.500000 -1.000000
74.500000 67.500000 53.500000 -1.000000
74.500000 67.500000 54.500000 -1.000000
74.500000 67.500000 55.500000 -1.000000
74.500000 67.500000 56.500000 -1.000000
74.500000 67.500000 57.500000 -1.000000
74.500000 67.500000 58.500000 -1.000000
74.500000 67.500000 59.500000 -1.000000
74.500000 67.500000 68.500000 1.000000
74.500000 67.500000 69.500000 1.000000
74.500000 67.500000 70.500000 1.000000
74.500000 67.500000 71.500000 1.000000
74.500000 67.500000 72.500000 1.000000
74.500000 67.500000 73.500000 1.000000
74.500000 67.500000 74.500000 1.000000
74.500000 67.500000 75.500000 1.000000
74.500000 68.500000 52.500000 -1.000000
74.500000 68.500000 53.500000 -1.000000
74.500000 68.500000 54.500000 -1.000000
74.500000 68.500000 55.500000 -1.000000
74.500000 68.500000 56.500000 -1.000000
74.500000 68.500000 57.500000 -1.000000
74.500000 68.500000 58.500000 -1.000000
74.500000 68.500000 59.500000 -1.000000
74.500000 68.500000 68.500000 1.000000
74.500000 68.500000 69.500000 1.000000
74.500000 68.500000 70.500000 1.000000
74.500000 68.500000 71.500000 1.000000
74.500000 68.500000 72.500000 1.000000
74.500000 68.500000 73.500000 1.000000
74.500000 68.500000 74.500000 1.000000
74.500000 68.500000 75.500000 1.000000
74.500000 69.500000 52.500000 -1.000000
74.500000 69.500000 53.500000 -1.000000
74.500000 69.500000 54.500000 -1.000000
74.500000 69.500000 55.500000 -1.000000
74.500000 69.500000 56.500000 -1.000000
74.500000 69.500000 57.500000 -1.000000
74.500000 69.500000 58.500000 -1.000000
74.500000 69.500000 59.500000 -1.000000
74.500000 69.500000 68.500000 1.000000
74.500000 69.500000 69.500000 1.000000
74.500000 69.500000 70.500000 1.000000
74.500000 69.500000 71.500000 1.000000
74.500000 69.500000 72.500000 1.000000
74.500000 69.500000 73.500000 1.000000
74.500000 69.500000 74.500000 1.000000
74.500000 69.500000 75.500000 1.000000
74.500000 70.500000 52.500000 -1.000000
74.500000 70.500000 53.500000 -1.000000
74.500000 70.500000 54.500000 -1.000000
74.500000 70.500000 55.500000 -1.000000
74.500000 70.500000 56.500000 -1.000000
74.500000 70.500000 57.500000 -1.000000
74.500000 70.500000 58.500000 -1.000000
74.500000 70.500000 59.500000 -1.000000
74.500000 70.500000 68.500000 1.000000
74.500000 70.500000 69.500000 1.000000
74.500000 70.500000 70.500000 1.000000
74.500000 70.500000 71.500000 1.000000
74.500000 70.500000 72.500000 1.000000
74.500000 70.500000 73.500000 1.000000
74.500000 70.500000 74.500000 1.000000
74.500000 70.500000 75.500000 1.000000
74.500000 71.500000 52.500000 -1.000000
74.500000 71.500000 53.500000 -1.000000
74.500000 71.500000 54.500000 -1.000000
74.500000 71.500000 55.500000 -1.000000
74.500000 71.500000 56.500000 -1.000000
74.500000 71.500000 57.500000 -1.000000
74.500000 71.500000 58.500000 -1.000000
74.500000 71.500000 59.500000 -1.000000
74.500000 71.500000 68.500000 1.000000
74.500000 71.500000 69.500000 1.000000
74.500000 71.500000 70.500000 1.000000
74.500000 71.500000 71.500000 1.000000
74.500000 71.500000 72.500000 1.000000
74.500000 71.500000 73.500000 1.000000
74.500000 71.500000 74.500000 1.000000
74.500000 71.500000 75.500000 1.000000
74.500000 72.500000 52.500000 -1.000000
74.500000 72.500000 53.500000 -1.000000
74.500000 72.500000 54.500000 -1.000000
74.500000 72.500000 55.500000 -1.000000
74.500000 72.500000 56.500000 -1.000000
74.500000 72.500000 57.500000 -1.000000
74.500000 72.500000 58.500000 -1.000000
74.500000 72.500000 59.500000 -1.000000
74.500000 72.500000 68.500000 1.000000
74.500000 72.500000 69.500000 1.000000
74.500000 72.500000 70.500000 1.000000
74.500000 72.500000 71.500000 1.000000
74.500000 72.500000 72.500000 1.000000
74.500000 72.500000 73.500000 1.000000
74.500000 72.500000 74.500000 1.000000
74.500000 72.500000 75.500000 1.000000
74.500000 73.500000 52.500000 -1.000000
74.500000 73.500000 53.500000 -1.000000
74.500000 73.500000 54.500000 -1.000000
74.500000 73.500000 55.500000 -1.000000
74.500000 73.500000 56.500000 -1.000000
74.500000 73.500000 57.500000 -1.000000
74.500000 73.500000 58.500000 -1.000000
74.500000 73.500000 59.500000 -1.000000
74.500000 73.500000 68.500000 1.000000
74.500000 73.500000 69.500000 1.000000
74.500000 73.500000 70.500000 1.000000
74.500000 73.500000 71.500000 1.000000
74.500000 73.500000 72.500000 1.000000
74.500000 73.500000 73.500000 1.000000
74.500000 73.500000 74.500000 1.000000
74.500000 73.500000 75.500000 1.000000
74.500000 74.500000 52.500000 -1.000000
74.500000 74.500000 53.500000 -1.000000
74.500000 74.500000 54.500000 -1.000000
74.500000 74.500000 55.500000 -1.000000
74.500000 74.500000 56.500000 -1.000000
74.500000 74.500000 57.500000 -1.000000
74.500000 74.500000 58.500000 -1.000000
74.500000 74.500000 59.500000 -1.000000
74.500000 74.500000 68.500000 1.000000
74.500000 74.500000 69.500000 1.000000
74.500000 74.500000 70.500000 1.000000
74.500000 74.500000 71.500000 1.000000
74.500000 74.500000 72.500000 1.000000
74.500000 74.500000 73.500000 1.000000
74.500000 74.500000 74.500000 1.000000
74.500000 74.500000 75.500000 1.000000
74.500000 75.500000 52.500000 -1.000000
74.500000 75.500000 53.500000 -1.000000
74.500000 75.500000 54.500000 -1.000000
74.500000 75.500000 55.500000 -1.000000
74.500000 75.500000 56.500000 -1.000000
74.500000 75.500000 57.500000 -1.000000
74.500000 75.500000 58.500000 -1.000000
74.500000 75.500000 59.500000 -1.000000
74.500000 75.500000 68.500000 1.000000
74.500000 75.500000 69.500000 1.000000
74.500000 75.500000 70.500000 1.000000
74.500000 75.500000 71.500000 1.000000
74.500000 75.500000 72.500000 1.000000
74.500000 75.500000 73.500000 1.000000
74.500000 75.500000 74.500000 1.000000
74.500000 75.500000 75.500000 1.000000
74.500000 76.500000 52.500000 -1.000000
74.500000 76.500000 53.500000 -1.000000
74.500000 76.500000 54.500000 -1.000000
74.500000 76.500000 55.500000 -1.000000
74.500000 76.500000 56.500000 -1.000000
74.500000 76.500000 57.500000 -1.000000
74.500000 76.500000 58.500000 -1.000000
74.500000 76.500000 59.500000 -1.000000
74.500000 76.500000 68.500000 1.000000
74.500000 76.500000 69.500000 1.000000
74.500000 76.500000 70.500000 1.000000
74.500000 76.500000 71.500000 1.000000
74.500000 76.500000 72.500000 1.000000
74.500000 76.500000 73.500000 1.000000
74.500000 76.500000 74.500000 1.000000
74.500000 76.500000 75.500000 1.000000
74.500000 77.500000 52.500000 -1.000000
74.500000 77.500000 53.500000 -1.000000
74.500000 77.500000 54.500000 -1.000000
74.500000 77.500000 55.500000 -1.000000
74.500000 77.500000 56.500000 -1.000000
74.500000 77.500000 57.500000 -1.000000
74.500000 77.500000 58.500000 -1.000000
74.500000 77.500000 59.500000 -1.000000
74.500000 77.500000 68.500000 1.000000
74.500000 77.500000 69.500000 1.000000
74.500000 77.500000 70.500000 1.000000
74.500000 77.500000 71.500000 1.000000
74.500000 77.500000 72.500000 1.000000
74.500000 77.500000 73.500000 1.000000
74.500000 77.500000 74.500000 1.000000
74.500000 77.500000 75.500000 1.000000
74.500000 78.500000 52.500000 -1.000000
74.500000 78.500000 53.500000 -1.000000
74.500000 78.500000 54.500000 -1.000000
74.500000 78.500000 55.500000 -1.000000
74.500000 78.500000 56.500000 -1.000000
74.500000 78.500000 57.500000 -1.000000
74.500000 78.500000 58.500000 -1.000000
74.500000 78.500000 59.500000 -1.000000
74.500000 78.500000 68.500000 1.000000
74.500000 78.500000 69.500000 1.000000
74.500000 78.500000 70.500000 1.000000
74.500000 78.500000 71.500000 1.000000
74.500000 78.500000 72.500000 1.000000
74.500000 78.500000 73.500000 1.000000
74.500000 78.500000 74.500000 1.000000
74.500000 78.500000 75.500000 1.000000
75.500000 66.500000 52.500000 -1.000000
75.500000 66.500000 53.500000 -1.000000
75.500000 66.500000 54.500000 -1.000000
75.500000 66.500000 55.500000 -1.000000
75.500000 66.500000 56.500000 -1.000000
75.500000 66.500000 57.500000 -1.000000
75.500000 66.500000 58.500000 -1.000000
75.500000 66.500000 59.500000 -1.000000
75.500000 66.500000 68.500000 1.000000
75.500000 66.500000 69.500000 1.000000
75.500000 66.500000 70.500000 1.000000
75.500000 66.500000 71.500000 1.000000
75.500000 66.500000 72.500000 1.000000
75.500000 66.500000 73.500000 1.000000
75.500000 66.500000 74.500000 1.000000
75.500000 66.500000 75.500000 1.000000
75.500000 67.500000 52.500000 -1.000000
75.500000 67.500000 53.500000 -1.000000
75.500000 67.500000 54.500000 -1.000000
75.500000 67.500000 55.500000 -1.000000
75.500000 67.500000 56.500000 -1.000000
75.500000 67.500000 57.500000 -1.000000
75.500000 67.500000 58.500000 -1.000000
75.500000 67.500000 59.500000 -1.000000
75.500000 67.500000 68.500000 1.000000
75.500000 67.500000 69.500000 1.000000
75.500000 67.500000 70.500000 1.000000
75.500000 67.500000 71.500000 1.000000
75.500000 67.500000 72.500000 1.000000
75.500000 67.500000 73.500000 1.000000
75.500000 67.500000 74.500000 1.000000
75.500000 67.500000 75.500000 1.000000
75.500000 68.500000 52.500000 -1.000000
75.500000 68.500000 53.500000 -1.000000
75.500000 68.500000 54.500000 -1.000000
75.500000 68.500000 55.500000 -1.000000
75.500000 68.500000 56.500000 -1.000000
75.500000 68.500000 57.500000 -1.000000
75.500000 68.500000 58.500000 -1.000000
75.500000 68.500000 59.500000 -1.000000
75.500000 68.500000 68.500000 1.000000
75.500000 68.500000 69.500000 1.000000
75.500000 68.500000 70.500000 1.000000
75.500000 68.500000 71.500000 1.000000
75.500000 68.500000 72.500000 1.000000
75.500000 68.500000 73.500000 1.000000
75.500000 68.500000 74.500000 1.000000
75.500000 68.500000 75.500000 1.000000
75.500000 69.500000 52.500000 -1.000000
75.500000 69.500000 53.500000 -1.000000
75.500000 69.500000 54.500000 -1.000000
75.500000 69.500000 55.500000 -1.000000
75.500000 69.500000 56.500000 -1.000000
75.500000 69.500000 57.500000 -1.000000
75.500000 69.500000 58.500000 -1.000000
75.500000 69.500000 59.500000 -1.000000
75.500000 69.500000 68.500000 1.000000
75.500000 69.500000 69.500000 1.000000
75.500000 69.500000 70.500000 1.000000
75.500000 69.500000 71.500000 1.000000
75.500000 69.500000 72.500000 1.000000
75.500000 69.500000 73.500000 1.000000
75.500000 69.500000 74.500000 1.000000
75.500000 69.500000 75.500000 1.000000
75.500000 70.500000 52.500000 -1.000000
75.500000 70.500000 53.500000 -1.000000
75.500000 70.500000 54.500000 -1.000000
75.500000 70.500000 55.500000 -1.000000
75.500000 70.500000 56.500000 -1.000000
75.500000 70.500000 57.500000 -1.000000
75.500000 70.500000 58.500000 -1.000000
75.500000 70.500000 59.500000 -1.000000
75.500000 70.500000 68.500000 1.000000
75.500000 70.500000 69.500000 1.000000
75.500000 70.500000 70.500000 1.000000
75.500000 70.500000 71.500000 1.000000
75.500000 70.500000 72.500000 1.000000
75.500000 70.500000 73.500000 1.000000
75.500000 70.500000 74.500000 1.000000
75.500000 70.500000 75.500000 1.000000
75.500000 71.500000 52.500000 -1.000000
75.500000 71.500000 53.500000 -1.000000
75.500000 71.500000 54.500000 -1.000000
75.500000 71.500000 55.500000 -1.000000
75.500000 71.500000 56.500000 -1.000000
75.500000 71.500000 57.500000 -1.000000
75.500000 71.500000 58.500000 -1.000000
75.500000 71.500000 59.500000 -1.000000
75.500000 71.500000 68.500000 1.000000
75.500000 71.500000 69.500000 1.000000
75.500000 71.500000 70.500000 1.000000
75.500000 71.500000 71.500000 1.000000
75.500000 71.500000 72.500000 1.000000
75.500000 71.500000 73.500000 1.000000
75.500000 71.500000 74.500000 1.000000
75.500000 71.500000 75.500000 1.000000
75.500000 72.500000 52.500000 -1.000000
75.500000 72.500000 53.500000 -1.000000
75.500000 72.500000 54.500000 -1.000000
75.500000 72.500000 55.500000 -1.000000
75.500000 72.500000 56.500000 -1.000000
75.500000 72.500000 57.500000 -1.000000
75.500000 72.500000 58.500000 -1.000000
75.500000 72.500000 59.500000 -1.000000
75.500000 72.500000 68.500000 1.000000
75.500000 72.500000 69.500000 1.000000
75.500000 72.500000 70.500000 1.000000
75.500000 72.500000 71.500000 1.000000
75.500000 72.500000 72.500000 1.000000
75.500000 72.500000 73.500000 1.000000
75.500000 72.500000 74.500000 1.000000
75.500000 72.500000 75.500000 1.000000
75.500000 73.500000 52.500000 -1.000000
75.500000 73.500000 53.500000 -1.000000
75.500000 73.500000 54.500000 -1.000000
75.500000 73.500000 55.500000 -1.000000
75.500000 73.500000 56.500000 -1.000000
75.500000 73.500000 57.500000 -1.000000
75.500000 73.500000 58.500000 -1.000000
75.500000 73.500000 59.500000 -1.000000
75.500000 73.500000 68.500000 1.000000
75.500000 73.500000 69.500000 1.000000
75.500000 73.500000 70.500000 1.000000
75.500000 73.500000 71.500000 1.000000
75.500000 73.500000 72.500000 1.000000
75.500000 73.500000 73.500000 1.000000
75.500000 73.500000 74.500000 1.000000
75.500000 73.500000 75.500000 1.000000
75.500000 74.500000 52.500000 -1.000000
75.500000 74.500000 53.500000 -1.000000
75.500000 74.500000 54.500000 -1.000000
75.500000 74.500000 55.500000 -1.000000
75.500000 74.500000 56.500000 -1.000000
75.500000 74.500000 57.500000 -1.000000
75.500000 74.500000 58.500000 -1.000000
75.500000 74.500000 59.500000 -1.000000
75.500000 74.500000 68.500000 1.000000
75.500000 74.500000 69.500000 1.000000
75.500000 74.500000 70.500000 1.000000
75.500000 74.500000 71.500000 1.000000
75.500000 74.500000 72.500000 1.000000
75.500000 74.500000 73.500000 1.000000
75.500000 74.500000 74.500000 1.000000
75.500000 74.500000 75.500000 1.000000
75.500000 75.500000 52.500000 -1.000000
75.500000 75.500000 53.500000 -1.000000
75.500000 75.500000 54.500000 -1.000000
75.500000 75.500000 55.500000 -1.000000
75.500000 75.500000 56.500000 -1.000000
75.500000 75.500000 57.500000 -1.000000
75.500000 75.500000 58.500000 -1.000000
75.500000 75.500000 59.500000 -1.000000
75.500000 75.500000 68.500000 1.000000
75.500000 75.500000 69.500000 1.000000
75.500000 75.500000 70.500000 1.000000
75.500000 75.500000 71.500000 1.000000
75.500000 75.500000 72.500000 1.000000
75.500000 75.500000 73.500000 1.000000
75.500000 75.500000 74.500000 1.000000
75.500000 75.500000 75.500000 1.000000
75.500000 76.500000 52.500000 -1.000000
75.500000 76.500000 53.500000 -1.000000
75.500000 76.500000 54.500000 -1.000000
75.500000 76.500000 55.500000 -1.000000
75.500000 76.500000 56.500000 -1.000000
75.500000 76.500000 57.500000 -1.000000
75.500000 76.500000 58.500000 -1.000000
75.500000 76.500000 59.500000 -1.000000
75.500000 76.500000 68.500000 1.000000
75.500000 76.500000 69.500000 1.000000
75.500000 76.500000 70.500000 1.000000
75.500000 76.500000 71.500000 1.000000
75.500000 76.500000 72.500000 1.000000
75.500000 76.500000 73.500000 1.000000
75.500000 76.500000 74.500000 1.000000
75.500000 76.500000 75.500000 1.000000
75.500000 77.500000 52.500000 -1.000000
75.500000 77.500000 53.500000 -1.000000
75.500000 77.500000 54.500000 -1.000000
75.500000 77.500000 55.500000 -1.000000
75.500000 77.500000 56.500000 -1.000000
75.500000 77.500000 57.500000 -1.000000
75.500000 77.500000 58.500000 -1.000000
75.500000 77.500000 59.500000 -1.000000
75.500000 77.500000 68.500000 1.000000
75.500000 77.500000 69.500000 1.000000
75.500000 77.500000 70.500000 1.000000
75.500000 77.500000 71.500000 1.000000
75.500000 77.500000 72.500000 1.000000
75.500000 77.500000 73.500000 1.000000
75.500000 77.500000 74.500000 1.000000
75.500000 77.500000 75.500000 1.000000
76.500000 66.500000 52.500000 -1.000000
76.500000 66.500000 53.500000 -1.000000
76.500000 66.500000 54.500000 -1.000000
76.500000 66.500000 55.500000 -1.000000
76.500000 66.500000 56.500000 -1.000000
76.500000 66.500000 57.500000 -1.000000
76.500000 66.500000 58.500000 -1.000000
76.500000 66.500000 59.500000 -1.000000
76.500000 66.500000 68.500000 1.000000
76.500000 66.500000 69.500000 1.000000
76.500000 66.500000 70.500000 1.000000
76.500000 66.500000 71.500000 1.000000
76.500000 66.500000 72.500000 1.000000
76.500000 66.500000 73.500000 1.000000
76.500000 66.500000 74.500000 1.000000
76.500000 66.500000 75.500000 1.000000
76.500000 67.500000 52.500000 -1.000000
76.500000 67.500000 53.500000 -1.000000
76.500000 67.500000 54.500000 -1.000000
76.500000 67.500000 55.500000 -1.000000
76.500000 67.500000 56.500000 -1.000000
76.500000 67.500000 57.500000 -1.000000
76.500000 67.500000 58.500000 -1.000000
76.500000 67.500000 59.500000 -1.000000
76.500000 67.500000 68.500000 1.000000
76.500000 67.500000 69.500000 1.000000
76.500000 67.500000 70.500000 1.000000
76.500000 67.500000 71.500000 1.000000
76.500000 67.500000 72.500000 1.000000
76.500000 67.500000 73.500000 1.000000
76.500000 67.500000 74.500000 1.000000
76.500000 67.500000 75.500000 1.000000
76.500000 68.500000 52.500000 -1.000000
76.500000 68.500000 53.500000 -1.000000
76.500000 68.500000 54.500000 -1.000000
76.500000 68.500000 55.500000 -1.000000
76.500000 68.500000 56.500000 -1.000000
76.500000 68.500000 57.500000 -1.000000
76.500000 68.500000 58.500000 -1.000000
76.500000 68.500000 59.500000 -1.000000
76.500000 68.500000 68.500000 1.000000
76.500000 68.500000 69.500000 1.000000
76.500000 68.500000 70.500000 1.000000
76.500000 68.500000 71.500000 1.000000
76.500000 68.500000 72.500000 1.000000
76.500000 68.500000 73.500000 1.000000
76.500000 68.500000 74.500000 1.000000
76.500000 68.500000 75.500000 1.000000
76.500000 69.500000 52.500000 -1.000000
76.500000 69.500000 53.500000 -1.000000
76.500000 69.500000 54.500000 -1.000000
76.500000 69.500000 55.500000 -1.000000
76.500000 69.500000 56.500000 -1.000000
76.500000 69.500000 57.500000 -1.000000
76.500000 69.500000 58.500000 -1.000000
76.500000 69.500000 59.500000 -1.000000
76.500000 69.500000 68.500000 1.000000
76.500000 69.500000 69.500000 1.000000
76.500000 69.500000 70.500000 1.000000
76.500000 69.500000 71.500000 1.000000
76.500000 69.500000 72.500000 1.000000
76.500000 69.500000 73.500000 1.000000
76.500000 69.500000 74.500000 1.000000
76.500000 69.500000 75.500000 1.000000
76.500000 70.500000 52.500000 -1.000000
76.500000 70.500000 53.500000 -1.000000
76.500000 70.500000 54.500000 -1.000000
76.500000 70.500000 55.500000 -1.000000
76.500000 70.500000 56.500000 -1.000000
76.500000 70.500000 57.500000 -1.000000
76.500000 70.500000 58.500000 -1.000000
76.500000 70.500000 59.500000 -1.000000
76.500000 70.500000 68.500000 1.000000
76.500000 70.500000 69.500000 1.000000
76.500000 70.500000 70.500000 1.000000
76.500000 70.500000 71.500000 1.000000
76.500000 70.500000 72.500000 1.000000
76.500000 70.500000 73.500000 1.000000
76.500000 70.500000 74.500000 1.000000
76.500000 70.500000 75.500000 1.000000
76.500000 71.500000 52.500000 -1.000000
76.500000 71.500000 53.500000 -1.000000
76.500000 71.500000 54.500000 -1.000000
76.500000 71.500000 55.500000 -1.000000
76.500000 71.500000 56.500000 -1.000000
76.500000 71.500000 57.500000 -1.000000
76.500000 71.500000 58.500000 -1.000000
76.500000 71.500000 59.500000 -1.000000
76.500000 71.500000 68.500000 1.000000
76.500000 71.500000 69.500000 1.000000
76.500000 71.500000 70.500000 1.000000
76.500000 71.500000 71.500000 1.000000
76.500000 71.500000 72.500000 1.000000
76.500000 71.500000 73.500000 1.000000
76.500000 71.500000 74.500000 1.000000
76.500000 71.500000 75.500000 1.000000
76.500000 72.500000 52.500000 -1.000000
76.500000 72.500000 53.500000 -1.000000
76.500000 72.500000 54.500000 -1.000000
76.500000 72.500000 55.500000 -1.000000
76.500000 72.500000 56.500000 -1.000000
76.500000 72.500000 57.500000 -1.000000
76.500000 72.500000 58.500000 -1.000000
76.500000 72.500000 59.500000 -1.000000
76.500000 72.500000 68.500000 1.000000
76.500000 72.500000 69.500000 1.000000
76.500000 72.500000 70.500000 1.000000
76.500000 72.500000 71.500000 1.000000
76.500000 72.500000 72.500000 1.000000
76.500000 72.500000 73.500000 1.000000
76.500000 72.500000 74.500000 1.000000
76.500000 72.500000 75.500000 1.000000
76.500000 73.500000 52.500000 -1.000000
76.500000 73.500000 53.500000 -1.000000
76.500000 73.500000 54.500000 -1.000000
76.500000 73.500000 55.500000 -1.000000
76.500000 73.500000 56.500000 -1.000000
76.500000 73.500000 57.500000 -1.000000
76.500000 73.500000 58.500000 -1.000000
76.500000 73.500000 59.500000 -1.000000
76.500000 73.500000 68.500000 1.000000
76.500000 73.500000 69.500000 1.000000
76.500000 73.500000 70.500000 1.000000
76.500000 73.500000 71.500000 1.000000
76.500000 73.500000 72.500000 1.000000
76.500000 73.500000 73.500000 1.000000
76.500000 73.500000 74.500000 1.000000
76.500000 73.500000 75.500000 1.000000
76.500000 74.500000 52.500000 -1.000000
76.500000 74.500000 53.500000 -1.000000
76.500000 74.500000 54.500000 -1.000000
76.500000 74.500000 55.500000 -1.000000
76.500000 74.500000 56.500000 -1.000000
76.500000 74.500000 57.500000 -1.000000
76.500000 74.500000 58.500000 -1.000000
76.500000 74.500000 59.500000 -1.000000
76.500000 74.500000 68.500000 1.000000
76.500000 74.500000 69.500000 1.000000
76.500000 74.500000 70.500000 1.000000
76.500000 74.500000 71.500000 1.000000
76.500000 74.500000 72.500000 1.000000
76.500000 74.500000 73.500000 1.000000
76.500000 74.500000 74.500000 1.000000
76.500000 74.500000 75.500000 1.000000
76.500000 75.500000 52.500000 -1.000000
76.500000 75.500000 53.500000 -1.000000
76.500000 75.500000 54.500000 -1.000000
76.500000 75.500000 55.500000 -1.000000
76.500000 75.500000 56.500000 -1.000000
76.500000 75.500000 57.500000 -1.000000
76.500000 75.500000 58.500000 -1.000000
76.500000 75.500000 59.500000 -1.000000
76.500000 75.500000 68.500000 1.000000
76.500000 75.500000 69.500000 1.000000
76.500000 75.500000 70.500000 1.000000
76.500000 75.500000 71.500000 1.000000
76.500000 75.500000 72.500000 1.000000
76.500000 75.500000 73.500000 1.000000
76.500000 75.500000 74.500000 1.000000
76.500000 75.500000 75.500000 1.000000
76.500000 76.500000 52.500000 -1.000000
76.500000 76.500000 53.500000 -1.000000
76.500000 76.500000 54.500000 -1.000000
76.500000 76.500000 55.500000 -1.000000
76.500000 76.500000 56.500000 -1.000000
76.500000 76.500000 57.500000 -1.000000
76.500000 76.500000 58.500000 -1.000000
76.500000 76.500000 59.500000 -1.000000
76.500000 76.500000 68.500000 1.000000
76.500000 76.500000 69.500000 1.000000
76.500000 76.500000 70.500000 1.000000
76.500000 76.500000 71.500000 1.000000
76.500000 76.500000 72.500000 1.000000
76.500000 76.500000 73.500000 1.000000
76.500000 76.500000 74.500000 1.000000
76.500000 76.500000 75.500000 1.000000
77.500000 66.500000 52.500000 -1.000000
77.500000 66.500000 53.500000 -1.000000
77.500000 66.500000 54.500000 -1.000000
77.500000 66.500000 55.500000 -1.000000
77.500000 66.500000 56.500000 -1.000000
77.500000 66.500000 57.500000 -1.000000
77.500000 66.500000 58.500000 -1.000000
77.500000 66.500000 59.500000 -1.000000
77.500000 66.500000 68.500000 1.000000
77.500000 66.500000 69.500000 1.000000
77.500000 66.500000 70.500000 1.000000
77.500000 66.500000 71.500000 1.000000
77.500000 66.500000 72.500000 1.000000
77.500000 66.500000 73.500000 1.000000
77.500000 66.500000 74.500000 1.000000
77.500000 66.500000 75.500000 1.000000
77.500000 67.500000 52.500000 -1.000000
77.500000 67.500000 53.500000 -1.000000
77.500000 67.500000 54.500000 -1.000000
77.500000 67.500000 55.500000 -1.000000
77.500000 67.500000 56.500000 -1.000000
77.500000 67.500000 57.500000 -1.000000
77.500000 67.500000 58.500000 -1.000000
77.500000 67.500000 59.500000 -1.000000
77.500000 67.500000 68.500000 1.000000
77.500000 67.500000 69.500000 1.000000
77.500000 67.500000 70.500000 1.000000
77.500000 67.500000 71.500000 1.000000
77.500000 67.500000 72.500000 1.000000
77.500000 67.500000 73.500000 1.000000
77.500000 67.500000 74.500000 1.000000
77.500000 67.500000 75.500000 1.000000
77.500000 68.500000 52.500000 -1.000000
77.500000 68.500000 53.500000 -1.000000
77.500000 68.500000 54.500000 -1.000000
77.500000 68.500000 55.500000 -1.000000
77.500000 68.500000 56.500000 -1.000000
77.500000 68.500000 57.500000 -1.000000
77.500000 68.500000 58.500000 -1.000000
77.500000 68.500000 59.500000 -1.000000
77.500000 68.500000 68.500000 1.000000
77.500000 68.500000 69.500000 1.000000
77.500000 68.500000 70.500000 1.000000
77.500000 68.500000 71.500000 1.000000
77.500000 68.500000 72.500000 1.000000
77.500000 68.500000 73.500000 1.000000
77.500000 68.500000 74.500000 1.000000
77.500000 68.500000 75.500000 1.000000
77.500000 69.500000 52.500000 -1.000000
77.500000 69.500000 53.500000 -1.000000
77.500000 69.500000 54.500000 -1.000000
77.500000 69.500000 55.500000 -1.000000
77.500000 69.500000 56.500000 -1.000000
77.500000 69.500000 57.500000 -1.000000
77.500000 69.500000 58.500000 -1.000000
77.500000 69.500000 59.500000 -1.000000
77.500000 69.500000 68.500000 1.000000
77.500000 69.500000 69.500000 1.000000
77.500000 69.500000 70.500000 1.000000
77.500000 69.500000 71.500000 1.000000
77.500000 69.500000 72.500000 1.000000
77.500000 69.500000 73.500000 1.000000
77.500000 69.500000 74.500000 1.000000
77.500000 69.500000 75.500000 1.000000
77.500000 70.500000 52.500000 -1.000000
77.500000 70.500000 53.500000 -1.000000
77.500000 70.500000 54.500000 -1.000000
77.500000 70.500000 55.500000 -1.000000
77.500000 70.500000 56.500000 -1.000000
77.500000 70.500000 57.500000 -1.000000
77.500000 70.500000 58.500000 -1.000000
77.500000 70.500000 59.500000 -1.000000
77.500000 70.500000 68.500000 1.000000
77.500000 70.500000 69.500000 1.000000
77.500000 70.500000 70.500000 1.000000
77.500000 70.500000 71.500000 1.000000
77.500000 70.500000 72.500000 1.000000
77.500000 70.500000 73.500000 1.000000
77.500000 70.500000 74.500000 1.000000
77.500000 70.500000 75.500000 1.000000
77.500000 71.500000 52.500000 -1.000000
77.500000 71.500000 53.500000 -1.000000
77.500000 71.500000 54.500000 -1.000000
77.500000 71.500000 55.500000 -1.000000
77.500000 71.500000 56.500000 -1.000000
77.500000 71.500000 57.500000 -1.000000
77.500000 71.500000 58.500000 -1.000000
77.500000 71.500000 59.500000 -1.000000
77.500000 71.500000 68.500000 1.000000
77.500000 71.500000 69.500000 1.000000
77.500000 71.500000 70.500000 1.000000
77.500000 71.500000 71.500000 1.000000
77.500000 71.500000 72.500000 1.000000
77.500000 71.500000 73.500000 1.000000
77.500000 71.500000 74.500000 1.000000
77.500000 71.500000 75.500000 1.000000
77.500000 72.500000 52.500000 -1.000000
77.500000 72.500000 53.500000 -1.000000
77.500000 72.500000 54.500000 -1.000000
77.500000 72.500000 55.500000 -1.000000
77.500000 72.500000 56.500000 -1.000000
77.500000 72.500000 57.500000 -1.000000
77.500000 72.500000 58.500000 -1.000000
77.500000 72.500000 59.500000 -1.000000
77.500000 72.500000 68.500000 1.000000
77.500000 72.500000 69.500000 1.000000
77.500000 72.500000 70.500000 1.000000
77.500000 72.500000 71.500000 1.000000
77.500000 72.500000 72.500000 1.000000
77.500000 72.500000 73.500000 1.000000
77.500000 72.500000 74.500000 1.000000
77.500000 72.500000 75.500000 1.000000
77.500000 73.500000 52.500000 -1.000000
77.500000 73.500000 53.500000 -1.000000
77.500000 73.500000 54.500000 -1.000000
77.500000 73.500000 55.500000 -1.000000
77.500000 73.500000 56.500000 -1.000000
77.500000 73.500000 57.500000 -1.000000
77.500000 73.500000 58.500000 -1.000000
77.500000 73.500000 59.500000 -1.000000
77.500000 73.500000 68.500000 1.000000
77.500000 73.500000 69.500000 1.000000
77.500000 73.500000 70.500000 1.000000
77.500000 73.500000 71.500000 1.000000
77.500000 73.500000 72.500000 1.000000
77.500000 73.500000 73.500000 1.000000
77.500000 73.500000 74.500000 1.000000
77.500000 73.500000 75.500000 1.000000
77.500000 74.500000 52.500000 -1.000000
77.500000 74.500000 53.500000 -1.000000
77.500000 74.500000 54.500000 -1.000000
77.500000 74.500000 55.500000 -1.000000
77.500000 74.500000 56.500000 -1.000000
77.500000 74.500000 57.500000 -1.000000
77.500000 74.500000 58.500000 -1.000000
77.500000 74.500000 59.500000 -1.000000
77.500000 74.500000 68.500000 1.000000
77.500000 74.500000 69.500000 1.000000
77.500000 74.500000 70.500000 1.000000
77.500000 74.500000 71.500000 1.000000
77.500000 74.500000 72.500000 1.000000
77.500000 74.500000 73.500000 1.000000
77.500000 74.500000 74.500000 1.000000
77.500000 74.500000 75.500000 1.000000
77.500000 75.500000 52.500000 -1.000000
77.500000 75.500000 53.500000 -1.000000
77.500000 75.500000 54.500000 -1.000000
77.500000 75.500000 55.500000 -1.000000
77.500000 75.500000 56.500000 -1.000000
77.500000 75.500000 57.500000 -1.000000
77.500000 75.500000 58.500000 -1.000000
77.500000 75.500000 59.500000 -1.000000
77.500000 75.500000 68.500000 1.000000
77.500000 75.500000 69.500000 1.000000
77.500000 75.500000 70.500000 1.000000
77.500000 75.500000 71.500000 1.000000
77.500000 75.500000 72.500000 1.000000
77.500000 75.500000 73.500000 1.000000
77.500000 75.500000 74.500000 1.000000
77.500000 75.500000 75.500000 1.000000
78.500000 66.500000 52.500000 -1.000000
78.500000 66.500000 53.500000 -1.000000
78.500000 66.500000 54.500000 -1.000000
78.500000 66.500000 55.500000 -1.000000
78.500000 66.500000 56.500000 -1.000000
78.500000 66.500000 57.500000 -1.000000
78.500000 66.500000 58.500000 -1.000000
78.500000 66.500000 59.500000 -1.000000
78.500000 66.500000 68.500000 1.000000
78.500000 66.500000 69.500000 1.000000
78.500000 66.500000 70.500000 1.000000
78.500000 66.500000 71.500000 1.000000
78.500000 66.500000 72.500000 1.000000
78.500000 66.500000 73.500000 1.000000
78.500000 66.500000 74.500000 1.000000
78.500000 66.500000 75.500000 1.000000
78.500000 67.500000 52.500000 -1.000000
78.500000 67.500000 53.500000 -1.000000
78.500000 67.500000 54.500000 -1.000000
78.500000 67.500000 55.500000 -1.000000
78.500000 67.500000 56.500000 -1.000000
78.500000 67.500000 57.500000 -1.000000
78.500000 67.500000 58.500000 -1.000000
78.500000 67.500000 59.500000 -1.000000
78.500000 67.500000 68.500000 1.000000
78.500000 67.500000 69.500000 1.000000
78.500000 67.500000 70.500000 1.000000
78.500000 67.500000 71.500000 1.000000
78.500000 67.500000 72.500000 1.000000
78.500000 67.500000 73.500000 1.000000
78.500000 67.500000 74.500000 1.000000
78.500000 67.500000 75.500000 1.000000
78.500000 68.500000 52.500000 -1.000000
78.500000 68.500000 53.500000 -1.000000
78.500000 68.500000 54.500000 -1.000000
78.500000 68.500000 55.500000 -1.000000
78.500000 68.500000 56.500000 -1.000000
78.500000 68.500000 57.500000 -1.000000
78.500000 68.500000 58.500000 -1.000000
78.500000 68.500000 59.500000 -1.000000
78.500000 68.500000 68.500000 1.000000
78.500000 68.500000 69.500000 1.000000
78.500000 68.500000 70.500000 1.000000
78.500000 68.500000 71.500000 1.000000
78.500000 68.500000 72.500000 1.000000
78.500000 68.500000 73.500000 1.000000
78.500000 68.500000 74.500000 1.000000
78.500000 68.500000 75.500000 1.000000
78.500000 69.500000 52.500000 -1.000000
78.500000 69.500000 53.500000 -1.000000
78.500000 69.500000 54.500000 -1.000000
78.500000 69.500000 55.500000 -1.000000
78.500000 69.500000 56.500000 -1.000000
78.500000 69.500000 57.500000 -1.000000
78.500000 69.500000 58.500000 -1.000000
78.500000 69.500000 59.500000 -1.000000
78.500000 69.500000 68.500000 1.000000
78.500000 69.500000 69.500000 1.000000
78.500000 69.500000 70.500000 1.000000
78.500000 69.500000 71.500000 1.000000
78.500000 69.500000 72.500000 1.000000
78.500000 69.500000 73.500000 1.000000
78.500000 69.500000 74.500000 1.000000
78.500000 69.500000 75.500000 1.000000
78.500000 70.500000 52.500000 -1.000000
78.500000 70.500000 53.500000 -1.000000
78.500000 70.500000 54.500000 -1.000000
78.500000 70.500000 55.500000 -1.000000
78.500000 70.500000 56.500000 -1.000000
78.500000 70.500000 57.500000 -1.000000
78.500000 70.500000 58.500000 -1.000000
78.500000 70.500000 59.500000 -1.000000
78.500000 70.500000 68.500000 1.000000
78.500000 70.500000 69.500000 1.000000
78.500000 70.500000 70.500000 1.000000
78.500000 70.500000 71.500000 1.000000
78.500000 70.500000 72.500000 1.000000
78.500000 70.500000 73.500000 1.000000
78.500000 70.500000 74.500000 1.000000
78.500000 70.500000 75.500000 1.000000
78.500000 71.500000 52.500000 -1.000000
78.500000 71.500000 53.500000 -1.000000
78.500000 71.500000 54.500000 -1.000000
78.500000 71.500000 55.500000 -1.000000
78.500000 71.500000 56.500000 -1.000000
78.500000 71.500000 57.500000 -1.000000
78.500000 71.500000 58.500000 -1.000000
78.500000 71.500000 59.500000 -1.000000
78.500000 71.500000 68.500000 1.000000
78.500000 71.500000 69.500000 1.000000
78.500000 71.500000 70.500000 1.000000
78.500000 71.500000 71.500000 1.000000
78.500000 71.500000 72.500000 1.000000
78.500000 71.500000 73.500000 1.000000
78.500000 71.500000 74.500000 1.000000
78.500000 71.500000 75.500000 1.000000
78.500000 72.500000 52.500000 -1.000000
78.500000 72.500000 53.500000 -1.000000
78.500000 72.500000 54.500000 -1.000000
78.500000 72.500000 55.500000 -1.000000
78.500000 72.500000 56.500000 -1.000000
78.500000 72.500000 57.500000 -1.000000
78.500000 72.500000 58.500000 -1.000000
78.500000 72.500000 59.500000 -1.000000
78.500000 72.500000 68.500000 1.000000
78.500000 72.500000 69.500000 1.000000
78.500000 72.500000 70.500000 1.000000
78.500000 72.500000 71.500000 1.000000
78.500000 72.500000 72.500000 1.000000
78.500000 72.500000 73.500000 1.000000
78.500000 72.500000 74.500000 1.000000
78.500000 72.500000 75.500000 1.000000
78.500000 73.500000 52.500000 -1.000000
78.500000 73.500000 53.500000 -1.000000
78.500000 73.500000 54.500000 -1.000000
78.500000 73.500000 55.500000 -1.000000
78.500000 73.500000 56.500000 -1.000000
78.500000 73.500000 57.500000 -1.000000
78.500000 73.500000 58.500000 -1.000000
78.500000 73.500000 59.500000 -1.000000
78.500000 73.500000 68.500000 1.000000
78.500000 73.500000 69.500000 1.000000
78.500000 73.500000 70.500000 1.000000
78.500000 73.500000 71.500000 1.000000
78.500000 73.500000 72.500000 1.000000
78.500000 73.500000 73.500000 1.000000
78.500000 73.500000 74.500000 1.000000
78.500000 73.500000 75.500000 1.000000
78.500000 74.500000 52.500000 -1.000000
78.500000 74.500000 53.500000 -1.000000
78.500000 74.500000 54.500000 -1.000000
78.500000 74.500000 55.500000 -1.000000
78.500000 74.500000 56.500000 -1.000000
78.500000 74.500000 57.500000 -1.000000
78.500000 74.500000 58.500000 -1.000000
78.500000 74.500000 59.500000 -1.000000
78.500000 74.500000 68.500000 1.000000
78.500000 74.500000 69.500000 1.000000
78.500000 74.500000 70.500000 1.000000
78.500000 74.500000 71.500000 1.000000
78.500000 74.500000 72.500000 1.000000
78.500000 74.500000 73.500000 1.000000
78.500000 74.500000 74.500000 1.000000
78.500000 74.500000 75.500000 1.000000
79.500000 66.500000 52.500000 -1.000000
79.500000 66.500000 53.500000 -1.000000
79.500000 66.500000 54.500000 -1.000000
79.500000 66.500000 55.500000 -1.000000
79.500000 66.500000 56.500000 -1.000000
79.500000 66.500000 57.500000 -1.000000
79.500000 66.500000 58.500000 -1.000000
79.500000 66.500000 59.500000 -1.000000
79.500000 66.500000 68.500000 1.000000
79.500000 66.500000 69.500000 1.000000
79.500000 66.500000 70.500000 1.000000
79.500000 66.500000 71.500000 1.000000
79.500000 66.500000 72.500000 1.000000
79.500000 66.500000 73.500000 1.000000
79.500000 66.500000 74.500000 1.000000
79.500000 66.500000 75.500000 1.000000
79.500000 67.500000 52.500000 -1.000000
79.500000 67.500000 53.500000 -1.000000
79.500000 67.500000 54.500000 -1.000000
79.500000 67.500000 55.500000 -1.000000
79.500000 67.500000 56.500000 -1.000000
79.500000 67.500000 57.500000 -1.000000
79.500000 67.500000 58.500000 -1.000000
79.500000 67.500000 59.500000 -1.000000
79.500000 67.500000 68.500000 1.000000
79.500000 67.500000 69.500000 1.000000
79.500000 67.500000 70.500000 1.000000
79.500000 67.500000 71.500000 1.000000
79.500000 67.500000 72.500000 1.000000
79.500000 67.500000 73.500000 1.000000
79.500000 67.500000 74.500000 1.000000
79.500000 67.500000 75.500000 1.000000
79.500000 68.500000 52.500000 -1.000000
79.500000 68.500000 53.500000 -1.000000
79.500000 68.500000 54.500000 -1.000000
79.500000 68.500000 55.500000 -1.000000
79.500000 68.500000 56.500000 -1.000000
79.500000 68.500000 57.500000 -1.000000
79.500000 68.500000 58.500000 -1.000000
79.500000 68.500000 59.500000 -1.000000
79.500000 68.500000 68.500000 1.000000
79.500000 68.500000 69.500000 1.000000
79.500000 68.500000 70.500000 1.000000
79.500000 68.500000 71.500000 1.000000
79.500000 68.500000 72.500000 1.000000
79.500000 68.500000 73.500000 1.000000
79.500000 68.500000 74.500000 1.000000
79.500000 68.500000 75.500000 1.000000
79.500000 69.500000 52.500000 -1.000000
79.500000 69.500000 53.500000 -1.000000
79.500000 69.500000 54.500000 -1.000000
79.500000 69.500000 55.500000 -1.000000
79.500000 69.500000 56.500000 -1.000000
79.500000 69.500000 57.500000 -1.000000
79.500000 69.500000 58.500000 -1.000000
79.500000 69.500000 59.500000 -1.000000
79.500000 69.500000 68.500000 1.000000
79.500000 69.500000 69.500000 1.000000
79.500000 69.500000 70.500000 1.000000
79.500000 69.500000 71.500000 1.000000
79.500000 69.500000 72.500000 1.000000
79.500000 69.500000 73.500000 1.000000
79.500000 69.500000 74.500000 1.000000
79.500000 69.500000 75.500000 1.000000
79.500000 70.500000 52.500000 -1.000000
79.500000 70.500000 53.500000 -1.000000
79.500000 70.500000 54.500000 -1.000000
79.500000 70.500000 55.500000 -1.000000
79.500000 70.500000 56.500000 -1.000000
79.500000 70.500000 57.500000 -1.000000
79.500000 70.500000 58.500000 -1.000000
79.500000 70.500000 59.500000 -1.000000
79.500000 70.500000 68.500000 1.000000
79.500000 70.500000 69.500000 1.000000
79.500000 70.500000 70.500000 1.000000
79.500000 70.500000 71.500000 1.000000
79.500000 70.500000 72.500000 1.000000
79.500000 70.500000 73.500000 1.000000
79.500000 70.500000 74.500000 1.000000
79.500000 70.500000 75.500000 1.000000
79.500000 71.500000 52.500000 -1.000000
79.500000 71.500000 53.500000 -1.000000
79.500000 71.500000 54.500000 -1.000000
79.500000 71.500000 55.500000 -1.000000
79.500000 71.500000 56.500000 -1.000000
79.500000 71.500000 57.500000 -1.000000
79.500000 71.500000 58.500000 -1.000000
79.500000 71.500000 59.500000 -1.000000
79.500000 71.500000 68.500000 1.000000
79.500000 71.500000 69.500000 1.000000
79.500000 71.500000 70.500000 1.000000
79.500000 71.500000 71.500000 1.000000
79.500000 71.500000 72.500000 1.000000
79.500000 71.500000 73.500000 1.000000
79.500000 71.500000 74.500000 1.000000
79.500000 71.500000 75.500000 1.000000
79.500000 72.500000 52.500000 -1.000000
79.500000 72.500000 53.500000 -1.000000
79.500000 72.500000 54.500000 -1.000000
79.500000 72.500000 55.500000 -1.000000
79.500000 72.500000 56.500000 -1.000000
79.500000 72.500000 57.500000 -1.000000
79.500000 72.500000 58.500000 -1.000000
79.500000 72.500000 59.500000 -1.000000
79.500000 72.500000 68.500000 1.000000
79.500000 72.500000 69.500000 1.000000
79.500000 72.500000 70.500000 1.000000
79.500000 72.500000 71.500000 1.000000
79.500000 72.500000 72.500000 1.000000
79.500000 72.500000 73.500000 1.000000
79.500000 72.500000 74.500000 1.000000
79.500000 72.500000 75.500000 1.000000
79.500000 73.500000 52.500000 -1.000000
79.500000 73.500000 53.500000 -1.000000
79.500000 73.500000 54.500000 -1.000000
79.500000 73.500000 55.500000 -1.000000
79.500000 73.500000 56.500000 -1.000000
79.500000 73.500000 57.500000 -1.000000
79.500000 73.500000 58.500000 -1.000000
79.500000 73.500000 59.500000 -1.000000
79.500000 73.500000 68.500000 1.000000
79.500000 73.500000 69.500000 1.000000
79.500000 73.500000 70.500000 1.000000
79.500000 73.500000 71.500000 1.000000
79.500000 73.500000 72.500000 1.000000
79.500000 73.500000 73.500000 1.000000
79.500000 73.500000 74.500000 1.000000
79.500000 73.500000 75.500000 1.000000
80.500000 66.500000 52.500000 -1.000000
80.500000 66.500000 53.500000 -1.000000
80.500000 66.500000 54.500000 -1.000000
80.500000 66.500000 55.500000 -1.000000
80.500000 66.500000 56.500000 -1.000000
80.500000 66.500000 57.500000 -1.000000
80.500000 66.500000 58.500000 -1.000000
80.500000 66.500000 59.500000 -1.000000
80.500000 66.500000 68.500000 1.000000
80.500000 66.500000 69.500000 1.000000
80.500000 66.500000 70.500000 1.000000
80.500000 66.500000 71.500000 1.000000
80.500000 66.500000 72.500000 1.000000
80.500000 66.500000 73.500000 1.000000
80.500000 66.500000 74.500000 1.000000
80.500000 66.500000 75.500000 1.000000
80.500000 67.500000 52.500000 -1.000000
80.500000 67.500000 53.500000 -1.000000
80.500000 67.500000 54.500000 -1.000000
80.500000 67.500000 55.500000 -1.000000
80.500000 67.500000 56.500000 -1.000000
80.500000 67.500000 57.500000 -1.000000
80.500000 67.500000 58.500000 -1.000000
80.500000 67.500000 59.500000 -1.000000
80.500000 67.500000 68.500000 1.000000
80.500000 67.500000 69.500000 1.000000
80.500000 67.500000 70.500000 1.000000
80.500000 67.500000 71.500000 1.000000
80.500000 67.500000 72.500000 1.000000
80.500000 67.500000 73.500000 1.000000
80.500000 67.500000 74.500000 1.000000
80.500000 67.500000 75.500000 1.000000
80.500000 68.500000 52.500000 -1.000000
80.500000 68.500000 53.500000 -1.000000
80.500000 68.500000 54.500000 -1.000000
80.500000 68.500000 55.500000 -1.000000
80.500000 68.500000 56.500000 -1.000000
80.500000 68.500000 57.500000 -1.000000
80.500000 68.500000 58.500000 -1.000000
80.500000 68.500000 59.500000 -1.000000
80.500000 68.500000 68.500000 1.000000
80.500000 68.500000 69.500000 1.000000
80.500000 68.500000 70.500000 1.000000
80.500000 68.500000 71.500000 1.000000
80.500000 68.500000 72.500000 1.000000
80.500000 68.500000 73.500000 1.000000
80.500000 68.500000 74.500000 1.000000
80.500000 68.500000 75.500000 1.000000
80.500000 69.500000 52.500000 -1.000000
80.500000 69.500000 53.500000 -1.000000
80.500000 69.500000 54.500000 -1.000000
80.500000 69.500000 55.500000 -1.000000
80.500000 69.500000 56.500000 -1.000000
80.500000 69.500000 57.500000 -1.000000
80.500000 69.500000 58.500000 -1.000000
80.500000 69.500000 59.500000 -1.000000
80.500000 69.500000 68.500000 1.000000
80.500000 69.500000 69.500000 1.000000
80.500000 69.500000 70.500000 1.000000
80.500000 69.500000 71.500000 1.000000
80.500000 69.500000 72.500000 1.000000
80.500000 69.500000 73.500000 1.000000
80.500000 69.500000 74.500000 1.000000
80.500000 69.500000 75.500000 1.000000
80.500000 70.500000 52.500000 -1.000000
80.500000 70.500000 53.500000 -1.000000
80.500000 70.500000 54.500000 -1.000000
80.500000 70.500000 55.500000 -1.000000
80.500000 70.500000 56.500000 -1.000000
80.500000 70.500000 57.500000 -1.000000
80.500000 70.500000 58.500000 -1.000000
80.500000 70.500000 59.500000 -1.000000
80.500000 70.500000 68.500000 1.000000
80.500000 70.500000 69.500000 1.000000
80.500000 70.500000 70.500000 1.000000
80.500000 70.500000 71.500000 1.000000
80.500000 70.500000 72.500000 1.000000
80.500000 70.500000 73.500000 1.000000
80.500000 70.500000 74.500000 1.000000
80.500000 70.500000 75.500000 1.000000
80.500000 71.500000 52.500000 -1.000000
80.500000 71.500000 53.500000 -1.000000
80.500000 71.500000 54.500000 -1.000000
80.500000 71.500000 55.500000 -1.000000
80.500000 71.500000 56.500000 -1.000000
80.500000 71.500000 57.500000 -1.000000
80.500000 71.500000 58.500000 -1.000000
80.500000 71.500000 59.500000 -1.000000
80.500000 71.500000 68.500000 1.000000
80.500000 71.500000 69.500000 1.000000
80.500000 71.500000 70.500000 1.000000
80.500000 71.500000 71.500000 1.000000
80.500000 71.500000 72.500000 1.000000
80.500000 71.500000 73.500000 1.000000
80.500000 71.500000 74.500000 1.000000
80.500000 71.500000 75.500000 1.000000
81.500000 66.500000 52.500000 -1.000000
81.500000 66.500000 53.500000 -1.000000
81.500000 66.500000 54.500000 -1.000000
81.500000 66.500000 55.500000 -1.000000
81.500000 66.500000 56.500000 -1.000000
81.500000 66.500000 57.500000 -1.000000
81.500000 66.500000 58.500000 -1.000000
81.500000 66.500000 59.500000 -1.000000
81.500000 66.500000 68.500000 1.000000
81.500000 66.500000 69.500000 1.000000
81.500000 66.500000 70.500000 1.000000
81.500000 66.500000 71.500000 1.000000
81.500000 66.500000 72.500000 1.000000
81.500000 66.500000 73.500000 1.000000
81.500000 66.500000 74.500000 1.000000
81.500000 66.500000 75.500000 1.000000
81.500000 67.500000 52.500000 -1.000000
81.500000 67.500000 53.500000 -1.000000
81.500000 67.500000 54.500000 -1.000000
81.500000 67.500000 55.500000 -1.000000
81.500000 67.500000 56.500000 -1.000000
81.500000 67.500000 57.500000 -1.000000
81.500000 67.500000 58.500000 -1.000000
81.500000 67.500000 59.500000 -1.000000
81.500000 67.500000 68.500000 1.000000
81.500000 67.500000 69.500000 1.000000
81.500000 67.500000 70.500000 1.000000
81.500000 67.500000 71.500000 1.000000
81.500000 67.500000 72.500000 1.000000
81.500000 67.500000 73.500000 1.000000
81.500000 67.500000 74.500000 1.000000
81.500000 67.500000 75.500000 1.000000
81.500000 68.500000 52.500000 -1.000000
81.500000 68.500000 53.500000 -1.000000
81.500000 68.500000 54.500000 -1.000000
81.500000 68.500000 55.500000 -1.000000
81.500000 68.500000 56.500000 -1.000000
81.500000 68.500000 57.500000 -1.000000
81.500000 68.500000 58.500000 -1.000000
81.500000 68.500000 59.500000 -1.000000
81.500000 68.500000 68.500000 1.000000
81.500000 68.500000 69.500000 1.000000
81.500000 68.500000 70.500000 1.000000
81.500000 68.500000 71.500000 1.000000
81.500000 68.500000 72.500000 1.000000
81.500000 68.500000 73.500000 1.000000
81.500000 68.500000 74.500000 1.000000
81.500000 68.500000 75.500000 1.000000
81.500000 69.500000 52.500000 -1.000000
81.500000 69.500000 53.500000 -1.000000
81.500000 69.500000 54.500000 -1.000000
81.500000 69.500000 55.500000 -1.000000
81.500000 69.500000 56.500000 -1.000000
81.500000 69.500000 57.500000 -1.000000
81.500000 69.500000 58.500000 -1.000000
81.500000 69.500000 59.500000 -1.000000
81.500000 69.500000 68.500000 1.000000
81.500000 69.500000 69.500000 1.000000
81.500000 69.500000 70.500000 1.000000
81.500000 69.500000 71.500000 1.000000
81.500000 69.500000 72.500000 1.000000
81.500000 69.500000 73.500000 1.000000
81.500000 69.500000 74.500000 1.000000
81.500000 69.500000 75.500000 1.000000
81.500000 70.500000 52.500000 -1.000000
81.500000 70.500000 53.500000 -1.000000
81.500000 70.500000 54.500000 -1.000000
81.500000 70.500000 55.500000 -1.000000
81.500000 70.500000 56.500000 -1.000000
81.500000 70.500000 57.500000 -1.000000
81.500000 70.500000 58.500000 -1.000000
81.500000 70.500000 59.500000 -1.000000
81.500000 70.500000 68.500000 1.000000
81.500000 70.500000 69.500000 1.000000
81.500000 70.500000 70.500000 1.000000
81.500000 70.500000 71.500000 1.000000
81.500000 70.500000 72.500000 1.000000
81.500000 70.500000 73.500000 1.000000
81.500000 70.500000 74.500000 1.000000
81.500000 70.500000 75.500000 1.000000
82.500000 66.500000 52.500000 -1.000000
82.500000 66.500000 53.500000 -1.000000
82.500000 66.500000 54.500000 -1.000000
82.500000 66.500000 55.500000 -1.000000
82.500000 66.500000 56.500000 -1.000000
82.500000 66.500000 57.500000 -1.000000
82.500000 66.500000 58.500000 -1.000000
82.500000 66.500000 59.500000 -1.000000
82.500000 66.500000 68.500000 1.000000
82.500000 66.500000 69.500000 1.000000
82.500000 66.500000 70.500000 1.000000
82.500000 66.500000 71.500000 1.000000
82.500000 66.500000 72.500000 1.000000
82.500000 66.500000 73.500000 1.000000
82.500000 66.500000 74.500000 1.000000
82.500000 66.500000 75.500000 1.000000
82.500000 67.500000 52.500000 -1.000000
82.500000 67.500000 53.500000 -1.000000
82.500000 67.500000 54.500000 -1.000000
82.500000 67.500000 55.500000 -1.000000
82.500000 67.500000 56.500000 -1.000000
82.500000 67.500000 57.500000 -1.000000
82.500000 67.500000 58.500000 -1.000000
82.500000 67.500000 59.500000 -1.000000
82.500000 67.500000 68.500000 1.000000
82.500000 67.500000 69.500000 1.000000
82.500000 67.500000 70.500000 1.000000
82.500000 67.500000 71.500000 1.000000
82.500000 67.500000 72.500000 1.000000
82.500000 67.500000 73.500000 1.000000
82.500000 67.500000 74.500000 1.000000
82.500000 67.500000 75.500000 1.000000
82.500000 68.500000 52.500000 -1.000000
82.500000 68.500000 53.500000 -1.000000
82.500000 68.500000 54.500000 -1.000000
82.500000 68.500000 55.500000 -1.000000
82.500000 68.500000 56.500000 -1.000000
82.500000 68.500000 57.500000 -1.000000
82.500000 68.500000 58.500000 -1.000000
82.500000 68.500000 59.500000 -1.000000
82.500000 68.500000 68.500000 1.000000
82.500000 68.500000 69.500000 1.000000
82.500000 68.500000 70.500000 1.000000
82.500000 68.500000 71.500000 1.000000
82.500000 68.500000 72.500000 1.000000
82.500000 68.500000 73.500000 1.000000
82.500000 68.500000 74.500000 1.000000
82.500000 68.500000 75.500000 1.000000
83.500000 66.500000 52.500000 -1.000000
83.500000 66.500000 53.500000 -1.000000
83.500000 66.500000 54.500000 -1.000000
83.500000 66.500000 55.500000 -1.000000
83.500000 66.500000 56.500000 -1.000000
83.500000 66.500000 57.500000 -1.000000
83.500000 66.500000 58.500000 -1.000000
83.500000 66.500000 59.500000 -1.000000
83.500000 66.500000 68.500000 1.000000
83.500000 66.500000 69.500000 1.000000
83.500000 66.500000 70.500000 1.000000
83.500000 66.500000 71.500000 1.000000
83.500000 66.500000 72.500000 1.000000
83.500000 66.500000 73.500000 1.000000
83.500000 66.500000 74.500000 1.000000
83.500000 66.500000 75.500000 1.000000
83.500000 67.500000 52.500000 -1.000000
83.500000 67.500000 53.500000 -1.000000
83.500000 67.500000 54.500000 -1.000000
83.500000 67.500000 55.500000 -1.000000
83.500000 67.500000 56.500000 -1.000000
83.500000 67.500000 57.500000 -1.000000
83.500000 67.500000 58.500000 -1.000000
83.500000 67.500000 59.500000 -1.000000
83.500000 67.500000 68.500000 1.000000
83.500000 67.500000 69.500000 1.000000
83.500000 67.500000 70.500000 1.000000
83.500000 67.500000 71.500000 1.000000
83.500000 67.500000 72.500000 1.000000
83.500000 67.500000 73.500000 1.000000
83.500000 67.500000 74.500000 1.000000
83.500000 67.500000 75.500000 1.000000
